player,tm,pos,pts,g,mp,ast,stl,blk,yr2019_20,avg_cost_per_pt,Salary Per Minute
Stephen Curry,GSW,PG,104,5,139,33,5,2,40231758,386843.83,289437.11
Chris Paul,OKC,PG,1232,70,2208,472,111,11,38506482,31255.26,17439.53
Russell Westbrook,HOU,PG,1553,57,2049,401,93,20,38178000,24583.39,18632.5
John Wall,,,,,,,,,37800000,,
James Harden,HOU,SG,2335,68,2483,512,125,60,37800000,16188.44,15223.52
LeBron James,LAL,PG,1698,67,2316,684,78,36,37436858,22047.62,16164.45
Kevin Durant,,,,,,,,,37199000,,
Blake Griffin,DET,PF,279,18,512,59,7,7,34234964,122705.96,66865.16
Kyle Lowry,TOR,PG,1126,58,2098,433,82,26,33296296,29570.42,15870.49
Paul George,LAC,SF,1033,48,1419,185,68,20,33005556,31951.17,23259.73
Klay Thompson,,,,,,,,,32742000,,
Jimmy Butler,MIA,SF,1157,58,1959,350,103,32,32742000,28299.05,16713.63
Kemba Walker,BOS,PG,1145,56,1742,268,48,28,32742000,28595.63,18795.64
Kawhi Leonard,LAC,SF,1543,57,1848,280,103,33,32742000,21219.7,17717.53
Gordon Hayward,BOS,SF,909,52,1740,212,38,22,32700690,35974.36,18793.5
Mike Conley,UTA,PG,675,47,1363,208,36,5,32511623,48165.37,23852.99
Kyrie Irving,BRK,PG,548,20,658,128,27,10,31742000,57923.36,48240.12
Tobias Harris,PHI,PF,1411,72,2469,227,53,40,31034483,21994.67,12569.66
Khris Middleton,MIL,SF,1297,62,1853,265,53,7,30603448,23595.57,16515.62
Paul Millsap,DEN,PF,591,51,1240,83,44,30,30500000,51607.45,24596.77
Damian Lillard,POR,PG,1978,66,2474,530,70,22,29802321,15066.9,12046.21
Kevin Love,CLE,PF,987,56,1780,178,33,19,28900000,29280.65,16235.96
Nikola Vučević,ORL,C,1215,62,1998,222,54,47,28000000,23045.27,14014.01
Al Horford,PHI,C,798,67,2025,270,52,61,28000000,35087.72,13827.16
DeMar DeRozan,SAS,SF,1504,68,2316,380,70,20,27739975,18444.13,11977.54
CJ McCollum,POR,SG,1556,70,2556,310,54,42,27556959,17710.13,10781.28
Joel Embiid,PHI,C,1172,51,1506,152,45,65,27504630,23468.11,18263.37
Andrew Wiggins,GSW,SG,233,12,403,43,16,17,27504630,118045.62,68249.7
Kristaps Porziņģis,DAL,PF,1164,57,1814,102,41,115,27285000,23440.72,15041.35
D'Angelo Russell,MIN,PG,260,12,392,79,17,4,27285000,104942.31,69604.59
Otto Porter,CHI,SF,167,14,331,25,15,6,27250576,163177.1,82328.02
Devin Booker,PHO,SG,1863,70,2512,456,49,18,27250000,14626.95,10847.93
Karl-Anthony Towns,MIN,C,926,35,1187,153,33,42,27250000,29427.65,22957.03
Bradley Beal,WAS,SG,1741,57,2053,347,71,23,27093019,15561.76,13196.79
Anthony Davis,LAL,PF,1618,62,2131,200,91,143,27093019,16744.76,12713.76
Andre Drummond,CLE,C,140,8,225,14,12,11,27093019,193521.56,120413.42
Hassan Whiteside,POR,C,1040,67,2008,78,26,196,27093018,26050.98,13492.54
Nikola Jokić,DEN,C,1456,73,2336,512,85,44,26573595,18251.1,11375.68
Jrue Holiday,NOP,SG,1167,61,2117,408,99,48,26131111,22391.7,12343.46
LaMarcus Aldridge,SAS,C,1001,53,1754,129,36,87,26000000,25974.03,14823.26
Steven Adams,OKC,C,684,63,1680,146,51,67,25842697,37781.72,15382.56
Giannis Antetokounmpo,MIL,PF,1857,63,1917,354,61,66,25842697,13916.37,13480.8
Marc Gasol,TOR,C,331,44,1161,147,34,38,25595700,77328.4,22046.25
Nicolas Batum,CHO,SF,79,22,505,66,17,8,25565217,323610.34,50624.19
Chandler Parsons,ATL,SF,14,5,54,3,4,1,25102511,1793036.5,464861.31
Rudy Gobert,UTA,C,1026,68,2333,101,51,135,25008427,24374.69,10719.43
Harrison Barnes,SAC,PF,1046,72,2482,159,43,12,24147727,23085.78,9729.14
Serge Ibaka,TOR,C,845,55,1485,77,28,46,23271604,27540.36,15671.11
Danilo Gallinari,OKC,PF,1160,62,1834,119,42,5,22615559,19496.17,12331.28
Victor Oladipo,IND,SG,275,19,528,56,17,4,21000000,76363.64,39772.73
Malcolm Brogdon,IND,PG,893,54,1666,381,35,10,20000000,22396.42,12004.8
Terry Rozier,CHO,PG,1134,63,2164,259,61,10,19894737,17543.86,9193.5
Aaron Gordon,ORL,PF,894,62,2017,228,51,39,19863636,22218.83,9848.11
Zach LaVine,CHI,SG,1530,60,2085,254,88,28,19500000,12745.1,9352.52
Kent Bazemore,SAC,SG,257,25,577,32,29,9,19269662,74979.23,33396.29
Tyler Johnson,BRK,SG,96,8,194,24,4,1,19245370,200472.6,99202.94
Goran Dragić,MIA,PG,953,59,1663,301,40,10,19217900,20165.69,11556.16
Jeff Teague,ATL,PG,193,25,519,100,19,6,19000000,98445.6,36608.86
Evan Turner,ATL,PG,62,19,251,38,9,8,18606557,300105.76,74129.71
Draymond Green,GSW,PF,345,43,1222,266,59,33,18539130,53736.61,15171.14
Tristan Thompson,CLE,C,684,57,1721,120,33,50,18539130,27103.99,10772.3
Tim Hardaway,,,,,,,,,18150000,,
Myles Turner,IND,C,749,62,1826,72,46,132,18000000,24032.04,9857.61
Julius Randle,NYK,PF,1248,64,2080,198,51,22,18000000,14423.08,8653.85
Gary Harris,DEN,SG,581,56,1780,118,76,14,17839286,30704.45,10022.07
Allen Crabbe,MIN,SG,29,9,131,5,0,0,17818456,614429.52,136018.75
Derrick Favors,NOP,C,459,51,1243,81,30,46,17650000,38453.16,14199.52
Reggie Jackson,LAC,PG,161,17,362,54,5,4,17286956,107372.4,47754.02
Andre Iguodala,MIA,SG,96,21,418,51,14,21,17185185,179012.34,41112.88
Bojan Bogdanović,UTA,SF,1275,63,2083,131,34,7,17000000,13333.33,8161.31
Evan Fournier,ORL,SG,1221,66,2076,209,71,15,17000000,13923.01,8188.82
Bismack Biyombo,CHO,C,393,53,1029,50,10,49,17000000,43257,16520.89
Clint Capela,HOU,C,543,39,1279,48,33,72,16456522,30306.67,12866.71
Gorgui Dieng,MEM,C,123,17,318,15,14,17,16229213,131944.82,51035.26
Ricky Rubio,PHO,PG,847,65,2016,570,94,11,16190476,19115.08,8030.99
Jonas Valančiūnas,MEM,C,1044,70,1845,131,30,76,16000000,15325.67,8672.09
Brandon Knight,DET,PG,104,9,221,38,5,1,15643750,150420.67,70786.2
Eric Bledsoe,MIL,PG,911,61,1646,328,57,26,15625000,17151.48,9492.71
Kelly Oubre,,,,,,,,,15625000,,
Dennis Schröder,OKC,PG,1229,65,1999,262,45,14,15500000,12611.88,7753.88
Ian Mahinmi,WAS,C,283,38,808,49,31,44,15450051,54593.82,19121.35
James Johnson,MIN,PF,168,14,338,53,19,19,15349400,91365.48,45412.43
Marvin Williams,MIL,PF,68,17,321,19,10,8,15006250,220680.15,46748.44
Bobby Portis,NYK,C,668,66,1393,98,32,18,15000000,22455.09,10768.13
Marcus Morris,LAC,PF,192,19,549,27,13,13,15000000,78125,27322.4
Danny Green,LAL,SG,547,68,1687,91,85,32,14634146,26753.47,8674.66
Cody Zeller,CHO,C,642,58,1341,88,40,25,14471910,22541.92,10791.88
Eric Gordon,HOU,SF,520,36,1016,54,23,13,14057730,27034.1,13836.35
Mason Plumlee,DEN,C,437,61,1057,154,33,38,14041096,32130.65,13283.91
Rudy Gay,SAS,PF,726,67,1461,114,35,33,14000000,19283.75,9582.48
J.J. Redick,NOP,SG,917,60,1581,119,20,10,13486300,14706.98,8530.23
Jordan Clarkson,UTA,SG,655,42,1039,66,29,8,13437500,20515.27,12933.11
Dewayne Dedmon,ATL,C,81,10,233,7,10,15,13333334,164609.06,57224.61
Solomon Hill,MIA,SF,49,11,187,10,12,5,13258781,270587.37,70902.57
Justise Winslow,MIA,SF,124,11,352,44,7,5,13000000,104838.71,36931.82
Michael Kidd-Gilchrist,DAL,SF,12,13,121,4,2,3,13000000,1083333.33,107438.02
Will Barton,DEN,SF,874,58,1916,212,61,29,12960000,14828.38,6764.09
Thaddeus Young,CHI,PF,659,64,1591,117,92,23,12900000,19575.11,8108.11
Courtney Lee,DAL,SG,107,24,345,12,18,6,12759670,119249.25,36984.55
Larry Nance,,,,,,,,,12727273,,
Marcus Smart,BOS,SG,776,60,1919,291,101,29,12553471,16177.15,6541.67
Terrence Ross,ORL,SG,1016,69,1889,82,77,24,12500000,12303.15,6617.26
Miles Plumlee,,,,,,,,,12500000,,
Patty Mills,SAS,PG,767,66,1485,118,53,6,12428571,16204.13,8369.41
Patrick Beverley,LAC,PG,405,51,1342,183,54,25,12345679,30483.16,9199.46
Trevor Ariza,POR,SF,231,21,702,41,34,8,12200000,52813.85,17378.92
Dion Waiters,LAL,SG,83,7,165,17,4,4,12100000,145783.13,73333.33
Brook Lopez,MIL,C,813,68,1817,99,46,163,12093024,14874.57,6655.49
Jusuf Nurkić,POR,C,141,8,253,32,11,16,12000000,85106.38,47430.83
Cory Joseph,SAC,PG,458,72,1759,251,53,21,12000000,26200.87,6822.06
Joe Ingles,UTA,SF,707,72,2137,373,65,11,11954546,16908.83,5594.08
Kelly Olynyk,MIA,C,549,67,1300,116,45,23,11667885,21252.98,8975.3
Maurice Harkless,NYK,SF,82,12,286,20,9,3,11511234,140380.9,40249.07
Tony Snell,DET,SF,474,59,1641,127,32,15,11392857,24035.56,6942.63
Robert Covington,HOU,C,255,22,726,32,35,48,11301219,44318.51,15566.42
Meyers Leonard,MIA,C,309,51,1034,55,14,15,11286515,36525.94,10915.39
T.J. Warren,IND,SF,1326,67,2202,99,78,34,10810000,8152.34,4909.17
Andre Roberson,OKC,SG,20,7,87,4,1,3,10740741,537037.05,123456.79
Spencer Dinwiddie,BRK,SG,1318,64,1994,432,40,21,10600000,8042.49,5315.95
Jeremy Lamb,IND,SG,577,46,1291,96,55,22,10500000,18197.57,8133.23
Dwight Powell,DAL,C,376,40,1061,59,34,22,10259375,27285.57,9669.53
Norman Powell,TOR,SG,830,52,1479,91,60,21,10116576,12188.65,6840.15
Josh Richardson,PHI,SG,755,55,1693,162,52,36,10100000,13377.48,5965.74
Tomáš Satoranský,CHI,PG,644,65,1878,354,80,7,10000000,15527.95,5324.81
DeAndre Jordan,BRK,C,465,56,1234,105,18,52,9881598,21250.75,8007.78
Taj Gibson,NYK,C,379,62,1025,52,27,30,9800000,25857.52,9560.98
Zion Williamson,NOP,PF,540,24,668,50,16,9,9757440,18069.33,14606.95
Markelle Fultz,ORL,PG,870,72,1996,369,90,11,9745200,11201.38,4882.36
John Henson,DET,PF,76,11,188,11,8,10,9732396,128057.84,51768.06
Matthew Dellavedova,CLE,PG,177,57,821,180,20,2,9607500,54279.66,11702.19
Dante Exum,CLE,SG,135,24,402,33,12,6,9600000,71111.11,23880.6
Deandre Ayton,PHO,C,690,38,1236,72,26,58,9562920,13859.3,7736.99
Delon Wright,DAL,SG,504,73,1570,244,85,22,9473684,18796.99,6034.19
Jerami Grant,DEN,PF,851,71,1892,88,50,57,9346153,10982.55,4939.83
Al-Farouq Aminu,ORL,PF,78,18,380,21,18,8,9258000,118692.31,24363.16
George Hill,MIL,PG,554,59,1271,180,47,5,9133907,16487.2,7186.39
Kyle Anderson,MEM,PF,390,67,1330,162,54,37,9073050,23264.23,6821.84
Fred VanVleet,TOR,PG,952,54,1928,357,100,17,9000000,9453.78,4668.05
Ja Morant,MEM,PG,1193,67,2074,488,58,18,8730240,7317.89,4209.37
C.J. Miles,WAS,SG,64,10,161,12,10,4,8730158,136408.72,54224.58
Lonzo Ball,NOP,PG,745,63,2025,438,88,38,8719320,11703.79,4305.84
E'Twaun Moore,NOP,SG,466,56,1020,78,32,11,8664928,18594.27,8495.03
Marvin Bagley,,,,,,,,,8556120,,
Bogdan Bogdanović,SAC,SG,924,61,1766,207,64,15,8529386,9230.94,4829.78
Tyus Jones,MEM,PG,484,65,1232,285,59,6,8408000,17371.9,6824.68
P.J. Tucker,HOU,PF,500,72,2467,115,77,36,8349039,16698.08,3384.29
Cristiano Felício,CHI,PF,86,22,386,16,10,2,8156500,94843.02,21130.83
Ben Simmons,PHI,PG,937,57,2017,455,119,33,8113930,8659.48,4022.77
Kentavious Caldwell-Pope,LAL,SG,645,69,1762,111,57,14,8089282,12541.52,4590.97
Maxi Kleber,DAL,C,672,74,1890,88,25,83,8000000,11904.76,4232.8
Lou Williams,LAC,SG,1185,65,1864,365,43,12,8000000,6751.05,4291.85
Elfrid Payton,NYK,PG,449,45,1246,323,70,17,8000000,17817.37,6420.55
Thomas Bryant,WAS,C,609,46,1147,83,25,49,7936508,13032.03,6919.36
RJ Barrett,NYK,SG,803,56,1704,143,55,17,7839960,9763.34,4600.92
Jayson Tatum,BOS,PF,1547,66,2265,200,93,57,7830000,5061.41,3456.95
Jae Crowder,MIA,SF,237,20,553,36,25,10,7815533,32976.93,14132.97
Wayne Ellington,NYK,SG,183,36,558,44,13,4,7804878,42649.61,13987.24
Luka Dončić,DAL,PG,1759,61,2047,538,62,14,7683360,4368.03,3753.47
Joe Harris,BRK,SF,998,69,2123,144,41,17,7670000,7685.37,3612.81
Seth Curry,DAL,SG,793,64,1576,124,38,9,7441860,9384.44,4721.99
Doug McDermott,IND,PF,710,69,1372,78,12,5,7333334,10328.64,5345
Langston Galloway,DET,SG,677,66,1702,101,48,11,7333333,10832.1,4308.66
Derrick Rose,DET,PG,904,50,1298,278,40,16,7317073,8094.11,5637.19
Brandon Ingram,NOP,PF,1477,62,2104,259,61,38,7265485,4919.08,3453.18
D.J. Augustin,ORL,PG,599,57,1420,262,34,1,7250000,12103.51,5105.63
Darius Miller,,,,,,,,,7250000,,
De'Andre Hunter,ATL,SF,778,63,2018,112,44,18,7068360,9085.3,3502.66
Josh Jackson,MEM,SG,198,22,381,35,18,9,7059480,35653.94,18528.82
Dāvis Bertāns,WAS,PF,834,54,1583,92,37,33,7000000,8393.29,4421.98
Ersan İlyasova,MIL,PF,414,63,986,49,24,17,7000000,16908.21,7099.39
Jaren Jackson,,,,,,,,,6927480,,
DeMarre Carroll,HOU,PF,54,9,155,14,6,3,6842307,126709.39,44143.92
Nemanja Bjelica,SAC,PF,831,72,2011,203,62,40,6825000,8213,3393.83
Jaylen Brown,BOS,SF,1159,57,1934,118,65,20,6534829,5638.33,3378.92
Jabari Parker,SAC,PF,51,6,80,10,3,1,6500000,127450.98,81250
Ivica Zubac,LAC,C,596,72,1326,82,16,66,6481482,10874.97,4888
Joakim Noah,LAC,C,14,5,50,7,1,1,6431666,459404.71,128633.32
Darius Garland,CLE,PG,728,59,1824,229,42,4,6400920,8792.47,3509.28
De'Aaron Fox,SAC,PG,1077,51,1634,348,74,25,6392760,5935.71,3912.34
Trae Young,ATL,PG,1778,60,2120,560,65,8,6273000,3528.12,2958.96
Montrezl Harrell,LAC,C,1173,63,1749,107,39,72,6000000,5115.09,3430.53
Ish Smith,WAS,PG,740,68,1787,334,59,30,5853659,7910.35,3275.69
Marco Belinelli,SAS,SG,361,57,883,69,12,1,5846154,16194.33,6620.79
Jarrett Culver,MIN,SG,580,63,1506,110,57,38,5813640,10023.52,3860.32
Jonathan Isaac,ORL,SF,404,34,980,48,53,78,5806440,14372.38,5924.94
Rodney Hood,POR,SF,230,21,619,32,17,4,5718000,24860.87,9237.48
Mohamed Bamba,,,,,,,,,5697600,,
Timofey Mozgov,,,,,,,,,5573333,,
Trey Lyles,SAS,PF,404,63,1271,69,28,28,5500000,13613.86,4327.3
Deron Williams,,,,,,,,,5474787,,
Aron Baynes,PHO,C,481,42,934,67,10,23,5453280,11337.38,5838.63
Kris Dunn,CHI,PG,373,51,1269,173,101,17,5348007,14337.82,4214.35
Josh Smith,,,,,,,,,5331729,,
Coby White,CHI,SG,859,65,1674,175,49,6,5307120,6178.25,3170.32
Lauri Markkanen,CHI,PF,737,50,1492,74,42,23,5300400,7191.86,3552.55
Ryan Anderson,HOU,C,5,2,14,2,1,0,5214583,1042916.6,372470.21
Wendell Carter,,,,,,,,,5201400,,
Pau Gasol,,,,,,,,,5100000,,
Daniel Theis,BOS,C,601,65,1566,111,37,84,5000000,8319.47,3192.85
Luol Deng,,,,,,,,,4990000,,
Jaxson Hayes,NOP,C,472,64,1080,56,26,55,4862040,10300.93,4501.89
Buddy Hield,SAC,SG,1382,72,2216,213,66,17,4861208,3517.52,2193.69
Frank Ntilikina,NYK,PG,357,57,1187,172,54,16,4855800,13601.68,4090.82
Ed Davis,UTA,C,51,28,303,12,11,9,4767000,93470.59,15732.67
Richaun Holmes,SAC,C,539,44,1242,42,41,56,4767000,8844.16,3838.16
Frank Kaminsky,PHO,C,378,39,777,75,14,10,4767000,12611.11,6135.14
Mike Scott,PHI,PF,408,68,1207,56,21,5,4767000,11683.82,3949.46
Avery Bradley,LAL,SG,423,49,1186,63,43,5,4767000,11269.5,4019.39
Robin Lopez,MIL,C,357,66,958,45,10,45,4767000,13352.94,4975.99
JaMychal Green,LAC,PF,430,63,1307,49,29,24,4767000,11086.05,3647.28
Justin Holiday,IND,SG,603,73,1826,93,87,46,4767000,7905.47,2610.62
Garrett Temple,BRK,SG,641,62,1730,156,49,29,4767000,7436.82,2755.49
Enes Kanter,BOS,C,469,58,983,56,22,41,4767000,10164.18,4849.44
Collin Sexton,CLE,SG,1349,65,2143,192,65,7,4764960,3532.22,2223.5
Rodney McGruder,LAC,SG,187,56,871,36,26,8,4629630,24757.38,5315.3
Rui Hachimura,WAS,PF,649,48,1444,87,37,8,4469160,6886.22,3094.99
Kevon Looney,GSW,C,68,20,262,20,12,6,4464286,65651.26,17039.26
Dennis Smith,,,,,,,,,4463640,,
Jamal Murray,DEN,PG,1091,59,1904,284,67,17,4444746,4074.01,2334.43
Kevin Knox,NYK,SF,419,65,1166,61,23,28,4380120,10453.75,3756.54
Cam Reddish,ATL,SF,610,58,1551,87,62,28,4245720,6960.2,2737.41
Zach Collins,POR,PF,77,11,290,16,5,5,4240200,55067.53,14621.38
Mikal Bridges,PHO,SF,667,73,2042,129,102,46,4161000,6238.38,2037.71
Alex Len,SAC,C,89,15,225,8,3,15,4160000,46741.57,18488.89
Cameron Johnson,PHO,PF,504,57,1255,69,36,20,4033440,8002.86,3213.9
Malik Monk,CHO,SG,564,55,1169,114,25,16,4028400,7142.55,3446.02
Dorian Finney-Smith,DAL,PF,678,71,2120,114,45,39,4000000,5899.71,1886.79
JaVale McGee,LAL,C,446,68,1130,37,36,94,4000000,8968.61,3539.82
Patrick McCaw,TOR,SF,170,37,908,79,39,4,4000000,23529.41,4405.29
Reggie Bullock,NYK,SG,234,29,684,42,25,3,4000000,17094.02,5847.95
Shai Gilgeous-Alexander,OKC,SG,1331,70,2428,232,79,47,3952920,2969.89,1628.06
Nicolò Melli,NOP,C,395,60,1042,82,34,23,3902439,9879.59,3745.14
P.J. Washington,CHO,PF,710,58,1759,123,51,44,3831840,5396.96,2178.42
Luke Kennard,DET,SG,442,28,922,115,12,6,3827160,8658.73,4150.93
Miles Bridges,CHO,SF,843,65,1995,114,40,48,3755400,4454.8,1882.41
Jakob Poeltl,SAS,C,372,66,1171,116,37,95,3754886,10093.78,3206.56
Tyler Herro,MIA,SG,743,55,1508,121,34,9,3640200,4899.33,2413.93
Donovan Mitchell,UTA,SG,1655,69,2364,294,70,14,3635760,2196.83,1537.97
Stanley Johnson,TOR,PF,60,25,150,20,6,4,3623000,60383.33,24153.33
Jake Layman,MIN,PF,210,23,505,15,17,10,3581986,17057.08,7093.04
Thon Maker,DET,C,281,60,776,43,25,39,3569643,12703.36,4600.06
Jerome Robinson,WAS,SG,197,21,503,41,15,9,3567720,18110.25,7092.88
Allonzo Trier,NYK,PG,155,24,291,28,3,4,3551100,22910.32,12203.09
Danuel House,HOU,SF,662,63,1913,85,67,34,3540000,5347.43,1850.5
Domantas Sabonis,IND,C,1147,62,2159,310,47,30,3529555,3077.21,1634.81
Mirza Teletović,,,,,,,,,3500000,,
Boban Marjanović,DAL,C,289,44,422,20,8,10,3500000,12110.73,8293.84
T.J. McConnell,IND,PG,464,71,1326,355,56,11,3500000,7543.1,2639.52
DeMarcus Cousins,,,,,,,,,3500000,,
Taurean Waller-Prince,,,,,,,,,3481986,,
Dario Šarić,PHO,PF,704,66,1632,123,37,16,3481986,4946,2133.57
Romeo Langford,BOS,SG,79,32,370,13,8,8,3458400,43777.22,9347.03
Bam Adebayo,MIA,PF,1146,72,2417,368,82,93,3454080,3014.03,1429.08
Kyle Korver,MIL,SF,386,58,960,68,26,12,3440000,8911.92,3583.33
Michael Porter,,,,,,,,,3389400,,
Denzel Valentine,CHI,SF,246,36,488,43,26,6,3377569,13729.96,6921.25
Juan Hernangómez,MIN,PF,181,14,411,18,14,4,3321030,18348.23,8080.36
Sekou Doumbouya,DET,SF,243,38,754,19,20,8,3285120,13519.01,4356.92
Justin Jackson,DAL,PF,360,65,1045,52,15,10,3280920,9113.67,3139.64
Troy Brown,,,,,,,,,3219480,,
Jon Leuer,,,,,,,,,3169348,,
Yogi Ferrell,SAC,PG,218,50,530,69,18,4,3150000,14449.54,5943.4
Guerschon Yabusele,,,,,,,,,3117240,,
Zhaire Smith,PHI,SG,8,7,32,2,3,0,3058800,382350,95587.5
Dwight Howard,LAL,C,517,69,1306,45,31,79,3039097,5878.33,2327.03
Khem Birch,ORL,C,212,48,922,50,20,23,3000000,14150.94,3253.8
Ryan Arcidiacono,CHI,PG,261,58,930,96,27,3,3000000,11494.25,3225.81
Quinn Cook,LAL,PG,224,44,508,49,12,2,3000000,13392.86,5905.51
Ömer Aşık,,,,,,,,,3000000,,
Nickeil Alexander-Walker,NOP,SG,267,47,591,89,17,8,2964840,11104.27,5016.65
D.J. Wilson,MIL,PF,133,37,363,25,3,5,2961120,22264.06,8157.36
Cedi Osman,CLE,SF,718,65,1910,154,54,16,2907143,4048.95,1522.06
Donte DiVincenzo,MIL,SG,610,66,1520,154,85,20,2905800,4763.61,1911.71
Bryn Forbes,SAS,SG,707,63,1579,108,33,0,2875000,4066.48,1820.77
Andrew Nicholson,,,,,,,,,2844429,,
Goga Bitadze,IND,C,172,54,471,23,10,37,2816760,16376.51,5980.38
T.J. Leaf,IND,PF,84,28,222,9,10,4,2813280,33491.43,12672.43
Lonnie Walker,SAS,SG,389,61,988,68,32,14,2760480,7096.35,2794.01
Alex Caruso,LAL,PG,349,64,1175,124,70,18,2750000,7879.66,2340.43
Malik Beasley,MIN,SG,290,14,463,27,9,2,2731714,9419.7,5900.03
Luka Šamanić,SAS,PF,16,3,48,6,0,2,2689920,168120,56040
John Collins,ATL,PF,885,41,1363,60,31,66,2686560,3035.66,1971.06
Kevin Huerter,ATL,SG,684,56,1760,213,51,27,2636280,3854.21,1497.89
Caris LeVert,BRK,SG,842,45,1330,199,53,10,2625718,3118.43,1974.22
Marko Guduric,MEM,SG,173,44,484,45,12,8,2625000,15173.41,5423.55
DeAndre' Bembry,ATL,SG,249,43,915,81,55,19,2603982,10457.76,2845.88
Matisse Thybulle,PHI,SG,305,65,1287,79,94,47,2582160,8466.1,2006.34
Harry Giles,SAC,PF,316,46,667,60,22,18,2578800,8160.76,3866.27
Jeff Green,HOU,C,220,18,407,30,14,9,2564753,11657.97,6301.6
Wesley Matthews,MIL,SG,494,67,1635,92,38,9,2564753,5191.81,1568.66
Udonis Haslem,MIA,PF,12,4,44,1,0,0,2564753,213729.42,58289.84
Jared Dudley,LAL,SF,68,45,364,28,15,3,2564753,37716.96,7046.02
Rajon Rondo,LAL,PG,342,48,984,240,40,2,2564753,7499.28,2606.46
Thabo Sefolosha,HOU,PF,92,41,436,25,24,12,2564753,27877.75,5882.46
Tyson Chandler,HOU,C,34,26,219,6,6,8,2564753,75433.91,11711.2
Gerald Green,,,,,,,,,2564753,,
J.J. Barea,DAL,PG,222,29,450,112,5,2,2564753,11552.94,5699.45
Wilson Chandler,BRK,SF,205,35,734,39,16,12,2564753,12510.99,3494.21
Nenê Hilário,,,,,,,,,2564753,,
Vince Carter,ATL,SF,298,60,876,48,23,25,2564753,8606.55,2927.8
Josh Okogie,MIN,SG,533,62,1547,99,68,26,2530680,4747.99,1635.86
Vincent Poirier,BOS,C,41,22,130,8,2,9,2505793,61116.9,19275.33
Rondae Hollis-Jefferson,TOR,SF,418,60,1122,106,46,23,2500000,5980.86,2228.16
Brandon Clarke,MEM,PF,700,58,1300,81,32,48,2478840,3541.2,1906.8
Terrance Ferguson,OKC,SF,220,56,1257,51,27,17,2475840,11253.82,1969.64
Grayson Allen,MEM,SG,330,38,718,52,10,2,2429400,7361.82,3383.57
Anthony Tolliver,MEM,PF,62,13,236,10,7,1,2419852,39029.87,10253.61
Grant Williams,BOS,PF,237,69,1043,68,30,36,2379840,10041.52,2281.73
Jarrett Allen,BRK,C,775,70,1852,110,40,92,2376840,3066.89,1283.39
Pascal Siakam,TOR,PF,1371,60,2110,207,61,53,2351839,1715.42,1114.62
Skal Labissière,POR,C,190,33,567,42,7,31,2338847,12309.72,4124.95
Chandler Hutchison,CHI,SF,218,28,527,26,27,7,2332320,10698.72,4425.65
Patrick Patterson,LAC,PF,292,59,776,41,7,3,2331593,7984.91,3004.63
Dejounte Murray,SAS,PG,720,66,1687,271,111,17,2321735,3224.63,1376.25
Alec Burks,PHI,SG,220,18,364,38,12,0,2320044,10545.65,6373.75
Isaiah Thomas,WAS,PG,488,40,925,146,13,6,2320044,4754.19,2508.16
Damian Jones,ATL,C,306,55,887,35,26,40,2305057,7532.87,2598.71
Darius Bazley,OKC,PF,342,61,1130,41,23,41,2284800,6680.7,2021.95
OG Anunoby,TOR,SF,733,69,2066,108,96,45,2281800,3112.96,1104.45
Ante Žižić,CLE,C,96,22,221,6,7,5,2281800,23768.75,10324.89
Monta Ellis,,,,,,,,,2245400,,
Markieff Morris,LAL,PF,74,14,199,8,5,6,2241808,30294.7,11265.37
Aaron Holiday,IND,PG,627,66,1617,225,55,16,2239200,3571.29,1384.79
Luke Kornet,CHI,C,215,36,559,32,11,26,2195122,10209.87,3926.87
Ty Jerome,PHO,PG,102,31,328,44,15,3,2193480,21504.71,6687.44
Willie Cauley-Stein,DAL,C,67,13,157,10,4,11,2177483,32499.75,13869.32
Austin Rivers,HOU,SG,596,68,1594,113,49,10,2174318,3648.18,1364.06
Carmelo Anthony,POR,PF,895,58,1902,85,49,27,2159029,2412.32,1135.14
Anfernee Simons,POR,SG,579,70,1449,97,26,10,2149560,3712.54,1483.48
Matt Barnes,,,,,,,,,2133541,,
Nassir Little,POR,PF,172,48,573,22,13,14,2105520,12241.4,3674.55
Torrey Craig,DEN,SF,315,58,1072,47,23,36,2100000,6666.67,1958.96
Moritz Wagner,WAS,C,393,45,835,56,28,19,2063520,5250.69,2471.28
Dylan Windler,,,,,,,,,2035800,,
Caleb Swanigan,POR,PF,60,20,265,29,2,5,2033160,33886,7672.3
Trey Burke,DAL,PG,96,8,191,30,9,1,2028594,21131.19,10620.91
Kyle O'Quinn,PHI,C,102,29,313,51,7,24,2028594,19888.18,6481.13
Michael Carter-Williams,ORL,SG,323,45,833,109,49,22,2028594,6280.48,2435.29
Mike Muscala,OKC,C,226,47,572,40,9,12,2028594,8976.08,3546.49
Nerlens Noel,OKC,C,449,61,1127,57,59,91,2028594,4518.03,1799.99
Troy Daniels,DEN,SG,26,6,76,3,3,0,2028594,78022.85,26692.03
Ben McLemore,HOU,SG,715,71,1619,58,45,16,2028594,2837.19,1252.99
Spencer Hawes,,,,,,,,,2007058,,
Edmond Sumner,IND,PG,152,31,447,55,15,9,2000000,13157.89,4474.27
Noah Vonleh,DEN,PF,13,7,30,2,0,0,2000000,153846.15,66666.67
Landry Shamet,LAC,SG,492,53,1452,99,20,10,1995120,4055.12,1374.05
Mfiondu Kabengele,LAC,C,42,12,64,2,2,2,1977000,47071.43,30890.62
Kyle Kuzma,LAL,PF,782,61,1526,80,28,26,1974600,2525.06,1293.97
Jordan Poole,GSW,SG,503,57,1274,134,35,10,1964760,3906.08,1542.2
Tony Bradley,UTA,C,285,58,663,23,14,33,1962360,6885.47,2959.82
Keldon Johnson,SAS,SF,154,17,301,15,14,2,1950600,12666.23,6480.4
Derrick White,SAS,SG,765,68,1677,241,44,59,1948080,2546.51,1161.65
Robert Williams,BOS,C,150,29,388,27,22,35,1937520,12916.8,4993.61
Josh Hart,NOP,SF,656,65,1755,108,63,23,1934160,2948.41,1102.09
Jacob Evans,MIN,SG,0,2,4,0,0,0,1925880,inf,481470
Anderson Varejão,,,,,,,,,1913345,,
Džanan Musa,BRK,SF,192,40,487,43,15,1,1911600,9956.25,3925.26
Omari Spellman,GSW,PF,370,49,886,47,33,24,1897800,5129.19,2141.99
Shabazz Napier,WAS,PG,231,20,488,75,29,4,1882867,8150.94,3858.33
Glenn Robinson,,,,,,,,,1882867,,
James Ennis,ORL,SF,169,20,489,22,12,8,1882867,11141.22,3850.44
Tim Frazier,DET,PG,97,27,355,93,14,4,1882867,19411,5303.85
Larry Sanders,,,,,,,,,1865547,,
Bruno Caboclo,HOU,C,28,8,52,2,5,5,1845301,65903.61,35486.56
Mario Hezonja,POR,PF,256,53,871,50,36,9,1737145,6785.72,1994.43
Emmanuel Mudiay,UTA,PG,395,54,850,116,24,10,1737145,4397.84,2043.7
Raul Neto,PHI,PG,275,54,668,95,24,6,1737145,6316.89,2600.52
JaKarr Sampson,IND,SF,156,34,471,21,16,12,1737145,11135.54,3688.21
Pat Connaughton,MIL,SG,360,67,1243,107,25,31,1723050,4786.25,1386.2
Jahlil Okafor,NOP,C,243,30,467,37,7,22,1702486,7006.12,3645.58
Rodions Kurucs,BRK,PF,215,47,684,51,25,5,1699236,7903.42,2484.26
Jonah Bolden,PHO,PF,6,3,33,0,2,2,1698450,283075,51468.18
Georges Niang,UTA,PF,392,66,923,44,18,5,1678854,4282.79,1818.91
Cheick Diallo,PHO,C,219,47,479,22,11,12,1678854,7666,3504.91
Dragan Bender,GSW,SF,81,9,195,19,4,4,1678854,20726.59,8609.51
David Nwaba,BRK,SF,104,20,268,8,11,12,1678854,16142.83,6264.38
Treveon Graham,ATL,SG,72,22,266,15,7,4,1678854,23317.42,6311.48
Willy Hernangómez,CHO,C,190,31,375,29,10,7,1676735,8824.92,4471.29
Derrick Jones,,,,,,,,,1645357,,
Jordan McRae,DET,SG,47,4,98,7,0,0,1645357,35007.6,16789.36
Christian Wood,DET,PF,810,62,1325,60,34,54,1645357,2031.3,1241.78
Furkan Korkmaz,PHI,SG,704,72,1559,79,41,16,1620564,2301.94,1039.49
Jordan Bell,MEM,PF,10,2,21,2,1,0,1620564,162056.4,77169.71
Justin Patton,OKC,C,9,5,24,2,0,0,1620564,180062.67,67523.5
Royce O'Neale,UTA,PF,450,71,2049,180,59,32,1618520,3596.71,789.91
Dillon Brooks,MEM,SG,1181,73,2112,150,63,27,1618520,1370.47,766.34
Wesley Iwundu,ORL,SF,300,52,953,60,25,13,1618520,5395.07,1698.34
Abdel Nader,OKC,SF,345,55,867,38,23,20,1618520,4691.36,1866.81
Damyean Dotson,NYK,SG,321,48,836,57,23,4,1618520,5042.12,1936.03
Frank Jackson,NOP,PG,371,59,797,61,17,4,1618520,4362.59,2030.77
Sterling Brown,MIL,SF,266,52,767,51,29,7,1618520,6084.66,2110.2
Dwayne Bacon,CHO,SG,224,39,687,52,23,2,1618520,7225.54,2355.92
Semi Ojeleye,BOS,PF,236,69,1011,37,21,5,1618520,6858.14,1600.91
Chris Boucher,TOR,PF,411,62,819,26,22,61,1588231,3864.31,1939.23
Malcolm Miller,TOR,SF,35,28,162,11,5,2,1588231,45378.03,9803.9
Monte Morris,DEN,PG,660,73,1636,255,55,17,1588231,2406.41,970.8
Mitchell Robinson,NYK,C,590,61,1412,36,52,119,1559712,2643.58,1104.61
Vlatko Čančar,DEN,SF,17,14,45,3,1,1,1517981,89293,33732.91
Isaiah Roby,OKC,SF,0,3,11,0,0,0,1500000,inf,136363.64
Nigel Williams-Goss,UTA,PG,14,10,50,6,3,1,1500000,107142.86,30000
J.R. Smith,LAL,SG,17,6,79,3,1,0,1456667,85686.29,18438.82
Shake Milton,PHI,SG,377,40,805,104,20,7,1445697,3834.74,1795.9
Thanasis Antetokounmpo,MIL,SF,55,20,129,15,7,2,1445697,26285.4,11206.95
Amile Jefferson,ORL,PF,15,18,74,4,1,3,1445697,96379.8,19536.45
Theo Pinson,BRK,SG,120,33,365,56,17,4,1445697,12047.48,3960.81
Brad Wanamaker,BOS,PG,487,71,1369,179,61,14,1445697,2968.58,1056.02
Derrick Walton,DET,PG,3,3,26,5,3,0,1445697,481899,55603.73
Ryan Broekhoff,DAL,SG,71,17,180,11,5,4,1443842,20335.8,8021.34
Gary Trent,,,,,,,,,1416852,,
Isaac Bonga,WAS,SF,330,66,1250,76,45,22,1416852,4293.49,1133.48
Chimezie Metu,SAS,PF,58,18,105,10,3,6,1416852,24428.48,13493.83
Jevon Carter,PHO,PG,287,58,945,84,47,17,1416852,4936.77,1499.31
Elie Okobo,PHO,PG,219,55,719,115,24,4,1416852,6469.64,1970.59
Melvin Frazier,ORL,SG,40,19,126,3,9,2,1416852,35421.3,11244.86
Deonte Burton,OKC,SG,104,39,356,17,7,10,1416852,13623.58,3979.92
Hamidou Diallo,OKC,SF,318,46,896,36,37,9,1416852,4455.51,1581.31
Kenrich Williams,NOP,PF,136,39,832,57,27,21,1416852,10418.03,1702.95
Jarred Vanderbilt,MIN,PF,2,2,5,0,0,0,1416852,708426,283370.4
Duncan Robinson,MIA,SF,983,73,2166,102,35,19,1416852,1441.36,654.13
Kendrick Nunn,MIA,SG,1024,67,1962,220,56,15,1416852,1383.64,722.15
De'Anthony Melton,MEM,PG,455,60,1167,175,77,20,1416852,3113.96,1214.1
Alize Johnson,IND,SF,34,17,118,7,3,2,1416852,41672.12,12007.22
Isaiah Hartenstein,HOU,C,107,23,266,18,9,12,1416852,13241.61,5326.51
Sviatoslav Mykhailiuk,DET,SF,504,56,1265,106,41,4,1416852,2811.21,1120.04
Bruce Brown,DET,SG,517,58,1634,230,63,29,1416852,2740.53,867.11
Keita Bates-Diop,DEN,SF,37,7,98,0,2,4,1416852,38293.3,14457.67
Devonte' Graham,CHO,PG,1145,63,2211,471,62,15,1416852,1237.43,640.82
Jalen Brunson,DAL,PG,466,57,1022,188,22,4,1416582,3039.88,1386.09
Bruno Fernando,ATL,C,240,56,713,49,18,17,1400000,5833.33,1963.53
Jaylen Nowell,MIN,SG,57,15,151,19,3,1,1400000,24561.4,9271.52
Alfonzo McKinnie,CLE,SF,182,40,593,14,23,8,1361046,7478.27,2295.19
Kevin Porter,,,,,,,,,1290960,,
Carsen Edwards,BOS,SG,121,37,351,24,12,4,1228026,10148.98,3498.65
Cody Martin,CHO,SF,238,48,903,95,39,9,1173310,4929.87,1299.35
Gary Payton,,,,,,,,,1090781,,
Terance Mann,LAC,SG,99,41,362,53,11,5,1000000,10101.01,2762.43
Jonathon Simmons,,,,,,,,,1000000,,
Justin Hamilton,,,,,,,,,1000000,,
Kyle Singler,,,,,,,,,999200,,
Admiral Schofield,WAS,SF,99,33,368,15,8,4,898310,9073.84,2441.06
KZ Okpala,MIA,SF,7,5,26,1,2,1,898310,128330,34550.38
Eric Paschall,GSW,PF,837,60,1654,127,32,13,898310,1073.25,543.11
Nicolas Claxton,BRK,PF,66,15,187,16,1,8,898310,13610.76,4803.8
Justin James,SAC,SG,89,36,232,18,6,9,898310,10093.37,3872.03
Jalen Lecque,PHO,PG,10,5,32,2,0,0,898310,89831,28072.19
Ignas Brazdeikis,NYK,SF,17,9,53,4,0,1,898310,52841.76,16949.25
Talen Horton-Tucker,LAL,SG,34,6,81,6,8,1,898310,26420.88,11090.25
Daniel Gafford,CHI,C,220,43,609,21,13,56,898310,4083.23,1475.06
Alen Smailagić,GSW,PF,59,14,139,13,3,4,898310,15225.59,6462.66
Matt Thomas,TOR,SG,202,41,440,22,10,1,898310,4447.08,2041.61
Miye Oni,UTA,SG,35,10,109,4,4,2,898310,25666,8241.38
Dewan Hernandez,TOR,C,14,6,28,3,1,0,898310,64165,32082.5
Terence Davis,TOR,SG,543,72,1209,115,39,14,898310,1654.35,743.02
Wenyen Gabriel,POR,PF,44,19,174,5,8,5,898310,20416.14,5162.7
Naz Reid,MIN,C,269,30,495,35,19,22,898310,3339.44,1814.77
Jalen McDaniels,CHO,PF,89,16,293,13,8,3,898310,10093.37,3065.9
Caleb Martin,CHO,SF,111,18,317,23,12,7,898310,8092.88,2833.79
Shaquille Harrison,CHI,SF,209,43,484,49,34,19,898310,4298.13,1856.01
Javonte Green,BOS,SF,163,48,468,26,24,8,898310,5511.1,1919.47
Damion Lee,GSW,SG,621,49,1423,133,50,6,842327,1356.4,591.94
Khyri Thomas,DET,SG,17,8,61,3,3,0,838464,49321.41,13745.31
Marquese Chriss,GSW,PF,548,59,1196,114,39,62,758804,1384.68,634.45
Juwan Morgan,UTA,PF,36,21,134,6,1,2,746054,20723.72,5567.57
Gary Clark,ORL,PF,86,24,355,5,4,15,708426,8237.51,1995.57
Cole Aldrich,,,,,,,,,685340,,
Shaun Livingston,,,,,,,,,666667,,
Timothé Luwawu-Cabarrot,BRK,SG,365,47,853,29,18,7,654468,1793.06,767.25
Rayjon Tucker,UTA,SG,62,20,161,5,1,1,578573,9331.82,3593.62
Chris Clemons,HOU,SG,161,33,291,27,9,6,568422,3530.57,1953.34
Brandon Goodwin,ATL,PG,206,34,430,51,12,4,522738,2537.56,1215.67
Anžejs Pasečņiks,WAS,C,156,27,437,18,9,12,482144,3090.67,1103.3
Chris Silva,MIA,PF,133,44,346,23,9,21,466918,3510.66,1349.47
Dakari Johnson,,,,,,,,,459414,,
Iman Shumpert,BRK,SG,54,13,241,12,12,2,419443,7767.46,1740.43
Max Strus,CHI,SG,5,2,6,0,0,0,415414,83082.8,69235.67
Justin Robinson,WAS,PG,13,9,49,7,0,1,395866,30451.23,8078.9
Dean Wade,CLE,PF,20,12,71,2,2,4,375000,18750,5281.69
Ivan Rabb,,,,,,,,,371758,,
Norvel Pelle,PHI,C,57,24,232,8,3,31,350189,6143.67,1509.44
Ky Bowman,GSW,PG,335,45,1015,131,44,10,350189,1045.34,345.01
Juan Toscano-Anderson,GSW,SF,69,13,272,26,13,5,350189,5075.2,1287.46
A.J. Hammons,,,,,,,,,350087,,
Festus Ezeli,,,,,,,,,333333,,
C.J. Watson,,,,,,,,,333333,,
Corey Brewer,SAC,SG,5,5,33,2,4,0,289803,57960.6,8781.91
Luc Mbah a Moute,HOU,PF,5,3,25,0,2,0,289803,57960.6,11592.12
Jamal Crawford,BRK,SG,5,1,6,3,0,0,289803,57960.6,48300.5
Lance Thomas,BRK,SF,24,7,98,6,0,0,262152,10923,2675.02
Stanton Kidd,UTA,SF,0,4,15,1,0,0,250000,inf,16666.67
Tyler Zeller,SAS,C,2,2,4,0,0,0,245686,122843,61421.5
Joe Johnson,,,,,,,,,220000,,
Jemerrio Jones,,,,,,,,,199000,,
Jontay Porter,,,,,,,,,197933,,
Justin Anderson,BRK,SF,28,10,107,8,0,6,196288,7010.29,1834.47
Jerian Grant,WAS,PG,27,6,80,9,1,1,196288,7269.93,2453.6
Cameron Payne,PHO,PG,87,8,183,24,8,2,196288,2256.18,1072.61
Mychal Mulder,GSW,SG,77,7,204,8,2,1,187782,2438.73,920.5
Sindarius Thornwell,NOP,SG,16,2,35,4,1,1,183115,11444.69,5231.86
PJ Dozier,DEN,PG,168,29,412,63,14,6,183115,1089.97,444.45
Jarrod Uthoff,WAS,SF,15,3,39,0,0,0,163356,10890.4,4188.62
Jaylen Adams,,,,,,,,,163356,,
Joe Chealey,CHO,PG,2,4,33,1,4,0,163356,81678,4950.18
Luguentz Dort,OKC,SG,244,36,820,27,31,4,155647,637.9,189.81
Troy Williams,,,,,,,,,122741,,
Johnathan Williams,WAS,C,45,15,180,8,1,8,106181,2359.58,589.89
Tyler Cook,DEN,PF,4,2,19,0,2,0,101504,25376,5342.32
Donta Hall,BRK,PF,33,5,85,2,2,5,101504,3075.88,1194.16
Yante Maten,,,,,,,,,100000,,
Demetrius Jackson,,,,,,,,,92857,,
Chasson Randle,GSW,PG,5,3,40,5,2,0,91557,18311.4,2288.93
Jeremy Pargo,GSW,PG,25,3,44,8,1,0,91557,3662.28,2080.84
Josh Magette,ORL,PG,12,8,38,5,3,1,81678,6806.5,2149.42
Dusty Hannahs,MEM,SG,12,2,13,0,0,0,81678,6806.5,6282.92
Sheldon Mac,,,,,,,,,81678,,
J.P. Macura,CLE,SG,0,1,1,0,0,0,81678,inf,81678
Eric Mika,SAC,PF,6,1,19,0,0,0,50752,8458.67,2671.16
Zach Norvell,GSW,SG,10,3,36,3,2,0,50752,5075.2,1409.78
Malik Newman,CLE,SG,2,1,4,0,0,0,50752,25376,12688
Marques Bolden,CLE,C,0,1,3,0,1,0,50752,inf,16917.33
Sir'Dominic Pointer,,,,,,,,,50752,,
Paul Watson,TOR,SF,31,8,70,5,3,1,50752,1637.16,725.03
William Howard,HOU,PF,0,2,13,1,0,0,50000,inf,3846.15
Isaiah Taylor,,,,,,,,,50000,,
Tyler Lydon,,,,,,,,,50000,,
Hollis Thompson,,,,,,,,,50000,,
Tyler Ulis,,,,,,,,,50000,,