,Player,tm,pos,yr2019_20,avg_cost_per_pt,Age,PER,pts,g,mp,ast,stl,blk
0,Luguentz Dort,OKC,SG,155647.0,637.9,20.0,7.6,244.0,36.0,820.0,27.0,31.0,4.0
1,Ky Bowman,GSW,PG,350189.0,1045.34,22.0,9.1,335.0,45.0,1015.0,131.0,44.0,10.0
2,Eric Paschall,GSW,PF,898310.0,1073.25,23.0,14.5,837.0,60.0,1654.0,127.0,32.0,13.0
3,PJ Dozier,DEN,PG,183115.0,1089.97,23.0,11.6,168.0,29.0,412.0,63.0,14.0,6.0
4,Devonte' Graham,CHO,PG,1416852.0,1237.43,24.0,15.8,1145.0,63.0,2211.0,471.0,62.0,15.0
5,Damion Lee,GSW,SG,842327.0,1356.4,27.0,12.7,621.0,49.0,1423.0,133.0,50.0,6.0
6,Dillon Brooks,MEM,SG,1618520.0,1370.47,24.0,11.3,1181.0,73.0,2112.0,150.0,63.0,27.0
7,Kendrick Nunn,MIA,SG,1416852.0,1383.64,24.0,12.9,1024.0,67.0,1962.0,220.0,56.0,15.0
8,Marquese Chriss,GSW,PF,758804.0,1384.68,22.0,19.5,548.0,59.0,1196.0,114.0,39.0,62.0
9,Duncan Robinson,MIA,SF,1416852.0,1441.36,25.0,13.1,983.0,73.0,2166.0,102.0,35.0,19.0
10,Terence Davis,TOR,SG,898310.0,1654.35,22.0,13.8,543.0,72.0,1209.0,115.0,39.0,14.0
11,Pascal Siakam,TOR,PF,2351839.0,1715.42,25.0,17.9,1371.0,60.0,2110.0,207.0,61.0,53.0
12,Timothé Luwawu-Cabarrot,BRK,SG,654468.0,1793.06,24.0,11.0,365.0,47.0,853.0,29.0,18.0,7.0
13,Christian Wood,DET,PF,1645357.0,2031.3,24.0,23.2,810.0,62.0,1325.0,60.0,34.0,54.0
14,Donovan Mitchell,UTA,SG,3635760.0,2196.83,23.0,18.8,1655.0,69.0,2364.0,294.0,70.0,14.0
15,Furkan Korkmaz,PHI,SG,1620564.0,2301.94,22.0,12.0,704.0,72.0,1559.0,79.0,41.0,16.0
16,Monte Morris,DEN,PG,1588231.0,2406.41,24.0,14.9,660.0,73.0,1636.0,255.0,55.0,17.0
17,Carmelo Anthony,POR,PF,2159029.0,2412.32,35.0,12.4,895.0,58.0,1902.0,85.0,49.0,27.0
18,Kyle Kuzma,LAL,PF,1974600.0,2525.06,24.0,12.2,782.0,61.0,1526.0,80.0,28.0,26.0
19,Brandon Goodwin,ATL,PG,522738.0,2537.56,24.0,11.6,206.0,34.0,430.0,51.0,12.0,4.0
20,Derrick White,SAS,SG,1948080.0,2546.51,25.0,16.4,765.0,68.0,1677.0,241.0,44.0,59.0
21,Mitchell Robinson,NYK,C,1559712.0,2643.58,21.0,23.5,590.0,61.0,1412.0,36.0,52.0,119.0
22,Bruce Brown,DET,SG,1416852.0,2740.53,23.0,11.9,517.0,58.0,1634.0,230.0,63.0,29.0
23,Sviatoslav Mykhailiuk,DET,SF,1416852.0,2811.21,22.0,11.2,504.0,56.0,1265.0,106.0,41.0,4.0
24,Ben McLemore,HOU,SG,2028594.0,2837.19,26.0,11.8,715.0,71.0,1619.0,58.0,45.0,16.0
25,Josh Hart,NOP,SF,1934160.0,2948.41,24.0,11.9,656.0,65.0,1755.0,108.0,63.0,23.0
26,Brad Wanamaker,BOS,PG,1445697.0,2968.58,30.0,12.8,487.0,71.0,1369.0,179.0,61.0,14.0
27,Shai Gilgeous-Alexander,OKC,SG,3952920.0,2969.89,21.0,17.7,1331.0,70.0,2428.0,232.0,79.0,47.0
28,Bam Adebayo,MIA,PF,3454080.0,3014.03,22.0,20.3,1146.0,72.0,2417.0,368.0,82.0,93.0
29,John Collins,ATL,PF,2686560.0,3035.66,22.0,23.5,885.0,41.0,1363.0,60.0,31.0,66.0
30,Jalen Brunson,DAL,PG,1416582.0,3039.88,23.0,14.9,466.0,57.0,1022.0,188.0,22.0,4.0
31,Jarrett Allen,BRK,C,2376840.0,3066.89,21.0,20.7,775.0,70.0,1852.0,110.0,40.0,92.0
32,Domantas Sabonis,IND,C,3529555.0,3077.21,23.0,20.7,1147.0,62.0,2159.0,310.0,47.0,30.0
33,Anžejs Pasečņiks,WAS,C,482144.0,3090.67,24.0,11.3,156.0,27.0,437.0,18.0,9.0,12.0
34,OG Anunoby,TOR,SF,2281800.0,3112.96,22.0,13.2,733.0,69.0,2066.0,108.0,96.0,45.0
35,De'Anthony Melton,MEM,PG,1416852.0,3113.96,21.0,13.5,455.0,60.0,1167.0,175.0,77.0,20.0
36,Caris LeVert,BRK,SG,2625718.0,3118.43,25.0,16.1,842.0,45.0,1330.0,199.0,53.0,10.0
37,Dejounte Murray,SAS,PG,2321735.0,3224.63,23.0,16.2,720.0,66.0,1687.0,271.0,111.0,17.0
38,Naz Reid,MIN,C,898310.0,3339.44,20.0,15.3,269.0,30.0,495.0,35.0,19.0,22.0
39,Chris Silva,MIA,PF,466918.0,3510.66,23.0,17.3,133.0,44.0,346.0,23.0,9.0,21.0
40,Buddy Hield,SAC,SG,4861208.0,3517.52,27.0,16.0,1382.0,72.0,2216.0,213.0,66.0,17.0
41,Trae Young,ATL,PG,6273000.0,3528.12,21.0,23.9,1778.0,60.0,2120.0,560.0,65.0,8.0
42,Chris Clemons,HOU,SG,568422.0,3530.57,22.0,13.1,161.0,33.0,291.0,27.0,9.0,6.0
43,Collin Sexton,CLE,SG,4764960.0,3532.22,21.0,16.3,1349.0,65.0,2143.0,192.0,65.0,7.0
44,Brandon Clarke,MEM,PF,2478840.0,3541.2,23.0,20.9,700.0,58.0,1300.0,81.0,32.0,48.0
45,Aaron Holiday,IND,PG,2239200.0,3571.29,23.0,11.6,627.0,66.0,1617.0,225.0,55.0,16.0
46,Royce O'Neale,UTA,PF,1618520.0,3596.71,26.0,9.5,450.0,71.0,2049.0,180.0,59.0,32.0
47,Austin Rivers,HOU,SG,2174318.0,3648.18,27.0,10.4,596.0,68.0,1594.0,113.0,49.0,10.0
48,Anfernee Simons,POR,SG,2149560.0,3712.54,20.0,9.0,579.0,70.0,1449.0,97.0,26.0,10.0
49,Shake Milton,PHI,SG,1445697.0,3834.74,23.0,14.4,377.0,40.0,805.0,104.0,20.0,7.0
50,Kevin Huerter,ATL,SG,2636280.0,3854.21,21.0,11.5,684.0,56.0,1760.0,213.0,51.0,27.0
51,Chris Boucher,TOR,PF,1588231.0,3864.31,27.0,20.7,411.0,62.0,819.0,26.0,22.0,61.0
52,Jordan Poole,GSW,SG,1964760.0,3906.08,20.0,7.2,503.0,57.0,1274.0,134.0,35.0,10.0
53,Cedi Osman,CLE,SF,2907143.0,4048.95,24.0,10.7,718.0,65.0,1910.0,154.0,54.0,16.0
54,Landry Shamet,LAC,SG,1995120.0,4055.12,22.0,8.5,492.0,53.0,1452.0,99.0,20.0,10.0
55,Bryn Forbes,SAS,SG,2875000.0,4066.48,26.0,11.1,707.0,63.0,1579.0,108.0,33.0,0.0
56,Jamal Murray,DEN,PG,4444746.0,4074.01,22.0,17.7,1091.0,59.0,1904.0,284.0,67.0,17.0
57,Daniel Gafford,CHI,C,898310.0,4083.23,21.0,16.2,220.0,43.0,609.0,21.0,13.0,56.0
58,Georges Niang,UTA,PF,1678854.0,4282.79,26.0,11.7,392.0,66.0,923.0,44.0,18.0,5.0
59,Isaac Bonga,WAS,SF,1416852.0,4293.49,20.0,10.2,330.0,66.0,1250.0,76.0,45.0,22.0
60,Shaquille Harrison,CHI,SF,898310.0,4298.13,26.0,17.8,209.0,43.0,484.0,49.0,34.0,19.0
61,Frank Jackson,NOP,PG,1618520.0,4362.59,21.0,9.1,371.0,59.0,797.0,61.0,17.0,4.0
62,Luka Dončić,DAL,PG,7683360.0,4368.03,20.0,27.6,1759.0,61.0,2047.0,538.0,62.0,14.0
63,Emmanuel Mudiay,UTA,PG,1737145.0,4397.84,23.0,13.0,395.0,54.0,850.0,116.0,24.0,10.0
64,Matt Thomas,TOR,SG,898310.0,4447.08,25.0,13.3,202.0,41.0,440.0,22.0,10.0,1.0
65,Miles Bridges,CHO,SF,3755400.0,4454.8,21.0,12.1,843.0,65.0,1995.0,114.0,40.0,48.0
66,Hamidou Diallo,OKC,SF,1416852.0,4455.51,21.0,9.3,318.0,46.0,896.0,36.0,37.0,9.0
67,Nerlens Noel,OKC,C,2028594.0,4518.03,25.0,20.4,449.0,61.0,1127.0,57.0,59.0,91.0
68,Abdel Nader,OKC,SF,1618520.0,4691.36,26.0,11.3,345.0,55.0,867.0,38.0,23.0,20.0
69,Josh Okogie,MIN,SG,2530680.0,4747.99,21.0,11.5,533.0,62.0,1547.0,99.0,68.0,26.0
70,Isaiah Thomas,WAS,PG,2320044.0,4754.19,30.0,11.6,488.0,40.0,925.0,146.0,13.0,6.0
71,Donte DiVincenzo,MIL,SG,2905800.0,4763.61,23.0,14.1,610.0,66.0,1520.0,154.0,85.0,20.0
72,Pat Connaughton,MIL,SG,1723050.0,4786.25,27.0,11.5,360.0,67.0,1243.0,107.0,25.0,31.0
73,Tyler Herro,MIA,SG,3640200.0,4899.33,20.0,12.5,743.0,55.0,1508.0,121.0,34.0,9.0
74,Brandon Ingram,NOP,PF,7265485.0,4919.08,22.0,18.8,1477.0,62.0,2104.0,259.0,61.0,38.0
75,Cody Martin,CHO,SF,1173310.0,4929.87,24.0,10.5,238.0,48.0,903.0,95.0,39.0,9.0
76,Jevon Carter,PHO,PG,1416852.0,4936.77,24.0,11.3,287.0,58.0,945.0,84.0,47.0,17.0
77,Dario Šarić,PHO,PF,3481986.0,4946.0,25.0,14.2,704.0,66.0,1632.0,123.0,37.0,16.0
78,Damyean Dotson,NYK,SG,1618520.0,5042.12,25.0,10.9,321.0,48.0,836.0,57.0,23.0,4.0
79,Jayson Tatum,BOS,PF,7830000.0,5061.41,21.0,20.4,1547.0,66.0,2265.0,200.0,93.0,57.0
80,Montrezl Harrell,LAC,C,6000000.0,5115.09,26.0,23.2,1173.0,63.0,1749.0,107.0,39.0,72.0
81,Omari Spellman,GSW,PF,1897800.0,5129.19,22.0,14.4,370.0,49.0,886.0,47.0,33.0,24.0
82,Wesley Matthews,MIL,SG,2564753.0,5191.81,33.0,8.1,494.0,67.0,1635.0,92.0,38.0,9.0
83,Moritz Wagner,WAS,C,2063520.0,5250.69,22.0,15.1,393.0,45.0,835.0,56.0,28.0,19.0
84,Danuel House,HOU,SF,3540000.0,5347.43,26.0,11.3,662.0,63.0,1913.0,85.0,67.0,34.0
85,Wesley Iwundu,ORL,SF,1618520.0,5395.07,25.0,10.3,300.0,52.0,953.0,60.0,25.0,13.0
86,P.J. Washington,CHO,PF,3831840.0,5396.96,21.0,12.4,710.0,58.0,1759.0,123.0,51.0,44.0
87,Javonte Green,BOS,SF,898310.0,5511.1,26.0,13.1,163.0,48.0,468.0,26.0,24.0,8.0
88,Jaylen Brown,BOS,SF,6534829.0,5638.33,23.0,16.9,1159.0,57.0,1934.0,118.0,65.0,20.0
89,Bruno Fernando,ATL,C,1400000.0,5833.33,21.0,11.9,240.0,56.0,713.0,49.0,18.0,17.0
90,Dwight Howard,LAL,C,3039097.0,5878.33,34.0,18.7,517.0,69.0,1306.0,45.0,31.0,79.0
91,Dorian Finney-Smith,DAL,PF,4000000.0,5899.71,26.0,12.3,678.0,71.0,2120.0,114.0,45.0,39.0
92,De'Aaron Fox,SAC,PG,6392760.0,5935.71,22.0,20.6,1077.0,51.0,1634.0,348.0,74.0,25.0
93,Rondae Hollis-Jefferson,TOR,SF,2500000.0,5980.86,25.0,15.1,418.0,60.0,1122.0,106.0,46.0,23.0
94,Sterling Brown,MIL,SF,1618520.0,6084.66,24.0,9.5,266.0,52.0,767.0,51.0,29.0,7.0
95,Coby White,CHI,SG,5307120.0,6178.25,19.0,11.9,859.0,65.0,1674.0,175.0,49.0,6.0
96,Mikal Bridges,PHO,SF,4161000.0,6238.38,23.0,12.9,667.0,73.0,2042.0,129.0,102.0,46.0
97,Michael Carter-Williams,ORL,SG,2028594.0,6280.48,28.0,15.3,323.0,45.0,833.0,109.0,49.0,22.0
98,Raul Neto,PHI,PG,1737145.0,6316.89,27.0,12.7,275.0,54.0,668.0,95.0,24.0,6.0
99,Elie Okobo,PHO,PG,1416852.0,6469.64,22.0,10.6,219.0,55.0,719.0,115.0,24.0,4.0
100,Torrey Craig,DEN,SF,2100000.0,6666.67,29.0,10.8,315.0,58.0,1072.0,47.0,23.0,36.0
101,Darius Bazley,OKC,PF,2284800.0,6680.7,19.0,9.6,342.0,61.0,1130.0,41.0,23.0,41.0
102,Lou Williams,LAC,SG,8000000.0,6751.05,33.0,17.3,1185.0,65.0,1864.0,365.0,43.0,12.0
103,Mario Hezonja,POR,PF,1737145.0,6785.72,24.0,9.5,256.0,53.0,871.0,50.0,36.0,9.0
104,Semi Ojeleye,BOS,PF,1618520.0,6858.14,25.0,7.7,236.0,69.0,1011.0,37.0,21.0,5.0
105,Tony Bradley,UTA,C,1962360.0,6885.47,22.0,21.7,285.0,58.0,663.0,23.0,14.0,33.0
106,Rui Hachimura,WAS,PF,4469160.0,6886.22,21.0,13.5,649.0,48.0,1444.0,87.0,37.0,8.0
107,Cam Reddish,ATL,SF,4245720.0,6960.2,20.0,9.0,610.0,58.0,1551.0,87.0,62.0,28.0
108,Jahlil Okafor,NOP,C,1702486.0,7006.12,24.0,18.3,243.0,30.0,467.0,37.0,7.0,22.0
109,Lonnie Walker,SAS,SG,2760480.0,7096.35,21.0,10.5,389.0,61.0,988.0,68.0,32.0,14.0
110,Malik Monk,CHO,SG,4028400.0,7142.55,21.0,12.6,564.0,55.0,1169.0,114.0,25.0,16.0
111,Lauri Markkanen,CHI,PF,5300400.0,7191.86,22.0,14.3,737.0,50.0,1492.0,74.0,42.0,23.0
112,Dwayne Bacon,CHO,SG,1618520.0,7225.54,24.0,6.1,224.0,39.0,687.0,52.0,23.0,2.0
113,Ja Morant,MEM,PG,8730240.0,7317.89,20.0,17.4,1193.0,67.0,2074.0,488.0,58.0,18.0
114,Grayson Allen,MEM,SG,2429400.0,7361.82,24.0,12.0,330.0,38.0,718.0,52.0,10.0,2.0
115,Garrett Temple,BRK,SG,4767000.0,7436.82,33.0,10.5,641.0,62.0,1730.0,156.0,49.0,29.0
116,Alfonzo McKinnie,CLE,SF,1361046.0,7478.27,27.0,8.7,182.0,40.0,593.0,14.0,23.0,8.0
117,Rajon Rondo,LAL,PG,2564753.0,7499.28,33.0,12.4,342.0,48.0,984.0,240.0,40.0,2.0
118,Damian Jones,ATL,C,2305057.0,7532.87,24.0,15.6,306.0,55.0,887.0,35.0,26.0,40.0
119,T.J. McConnell,IND,PG,3500000.0,7543.1,27.0,16.5,464.0,71.0,1326.0,355.0,56.0,11.0
120,Cheick Diallo,PHO,C,1678854.0,7666.0,23.0,16.5,219.0,47.0,479.0,22.0,11.0,12.0
121,Joe Harris,BRK,SF,7670000.0,7685.37,28.0,13.3,998.0,69.0,2123.0,144.0,41.0,17.0
122,Alex Caruso,LAL,PG,2750000.0,7879.66,25.0,10.8,349.0,64.0,1175.0,124.0,70.0,18.0
123,Rodions Kurucs,BRK,PF,1699236.0,7903.42,21.0,8.9,215.0,47.0,684.0,51.0,25.0,5.0
124,Justin Holiday,IND,SG,4767000.0,7905.47,30.0,12.1,603.0,73.0,1826.0,93.0,87.0,46.0
125,Ish Smith,WAS,PG,5853659.0,7910.35,31.0,13.9,740.0,68.0,1787.0,334.0,59.0,30.0
126,Patrick Patterson,LAC,PF,2331593.0,7984.91,30.0,11.5,292.0,59.0,776.0,41.0,7.0,3.0
127,Cameron Johnson,PHO,PF,4033440.0,8002.86,23.0,12.9,504.0,57.0,1255.0,69.0,36.0,20.0
128,Spencer Dinwiddie,BRK,SG,10600000.0,8042.49,26.0,17.8,1318.0,64.0,1994.0,432.0,40.0,21.0
129,Caleb Martin,CHO,SF,898310.0,8092.88,24.0,12.0,111.0,18.0,317.0,23.0,12.0,7.0
130,Derrick Rose,DET,PG,7317073.0,8094.11,31.0,21.0,904.0,50.0,1298.0,278.0,40.0,16.0
131,Shabazz Napier,WAS,PG,1882867.0,8150.94,28.0,13.8,231.0,20.0,488.0,75.0,29.0,4.0
132,T.J. Warren,IND,SF,10810000.0,8152.34,26.0,18.4,1326.0,67.0,2202.0,99.0,78.0,34.0
133,Harry Giles,SAC,PF,2578800.0,8160.76,21.0,16.4,316.0,46.0,667.0,60.0,22.0,18.0
134,Nemanja Bjelica,SAC,PF,6825000.0,8213.0,31.0,15.7,831.0,72.0,2011.0,203.0,62.0,40.0
135,Daniel Theis,BOS,C,5000000.0,8319.47,27.0,17.9,601.0,65.0,1566.0,111.0,37.0,84.0
136,Dāvis Bertāns,WAS,PF,7000000.0,8393.29,27.0,15.5,834.0,54.0,1583.0,92.0,37.0,33.0
137,Matisse Thybulle,PHI,SG,2582160.0,8466.1,22.0,10.0,305.0,65.0,1287.0,79.0,94.0,47.0
138,Vince Carter,ATL,SF,2564753.0,8606.55,43.0,7.5,298.0,60.0,876.0,48.0,23.0,25.0
139,Luke Kennard,DET,SG,3827160.0,8658.73,23.0,14.4,442.0,28.0,922.0,115.0,12.0,6.0
140,Ben Simmons,PHI,PG,8113930.0,8659.48,23.0,20.4,937.0,57.0,2017.0,455.0,119.0,33.0
141,Darius Garland,CLE,PG,6400920.0,8792.47,20.0,8.5,728.0,59.0,1824.0,229.0,42.0,4.0
142,Willy Hernangómez,CHO,C,1676735.0,8824.92,25.0,19.2,190.0,31.0,375.0,29.0,10.0,7.0
143,Richaun Holmes,SAC,C,4767000.0,8844.16,26.0,19.7,539.0,44.0,1242.0,42.0,41.0,56.0
144,Kyle Korver,MIL,SF,3440000.0,8911.92,38.0,11.3,386.0,58.0,960.0,68.0,26.0,12.0
145,JaVale McGee,LAL,C,4000000.0,8968.61,32.0,19.4,446.0,68.0,1130.0,37.0,36.0,94.0
146,Mike Muscala,OKC,C,2028594.0,8976.08,28.0,12.5,226.0,47.0,572.0,40.0,9.0,12.0
147,De'Andre Hunter,ATL,SF,7068360.0,9085.3,22.0,8.6,778.0,63.0,2018.0,112.0,44.0,18.0
148,Justin Jackson,DAL,PF,3280920.0,9113.67,24.0,9.5,360.0,65.0,1045.0,52.0,15.0,10.0
149,Bogdan Bogdanović,SAC,SG,8529386.0,9230.94,27.0,15.1,924.0,61.0,1766.0,207.0,64.0,15.0
150,Seth Curry,DAL,SG,7441860.0,9384.44,29.0,15.5,793.0,64.0,1576.0,124.0,38.0,9.0
151,Malik Beasley,MIN,SG,2731714.0,9419.7,23.0,16.2,290.0,14.0,463.0,27.0,9.0,2.0
152,Fred VanVleet,TOR,PG,9000000.0,9453.78,25.0,16.3,952.0,54.0,1928.0,357.0,100.0,17.0
153,RJ Barrett,NYK,SG,7839960.0,9763.34,19.0,10.7,803.0,56.0,1704.0,143.0,55.0,17.0
154,Nicolò Melli,NOP,C,3902439.0,9879.59,29.0,11.4,395.0,60.0,1042.0,82.0,34.0,23.0
155,Džanan Musa,BRK,SF,1911600.0,9956.25,20.0,9.4,192.0,40.0,487.0,43.0,15.0,1.0
156,Jarrett Culver,MIN,SG,5813640.0,10023.52,20.0,9.6,580.0,63.0,1506.0,110.0,57.0,38.0
157,Grant Williams,BOS,PF,2379840.0,10041.52,21.0,7.9,237.0,69.0,1043.0,68.0,30.0,36.0
158,Jakob Poeltl,SAS,C,3754886.0,10093.78,24.0,19.1,372.0,66.0,1171.0,116.0,37.0,95.0
159,Carsen Edwards,BOS,SG,1228026.0,10148.98,21.0,6.9,121.0,37.0,351.0,24.0,12.0,4.0
160,Enes Kanter,BOS,C,4767000.0,10164.18,27.0,22.4,469.0,58.0,983.0,56.0,22.0,41.0
161,Luke Kornet,CHI,C,2195122.0,10209.87,24.0,12.7,215.0,36.0,559.0,32.0,11.0,26.0
162,Jaxson Hayes,NOP,C,4862040.0,10300.93,19.0,17.6,472.0,64.0,1080.0,56.0,26.0,55.0
163,Doug McDermott,IND,PF,7333334.0,10328.64,28.0,14.4,710.0,69.0,1372.0,78.0,12.0,5.0
164,Kenrich Williams,NOP,PF,1416852.0,10418.03,25.0,7.5,136.0,39.0,832.0,57.0,27.0,21.0
165,Kevin Knox,NYK,SF,4380120.0,10453.75,20.0,8.3,419.0,65.0,1166.0,61.0,23.0,28.0
166,DeAndre' Bembry,ATL,SG,2603982.0,10457.76,25.0,9.6,249.0,43.0,915.0,81.0,55.0,19.0
167,Alec Burks,PHI,SG,2320044.0,10545.65,28.0,16.1,220.0,18.0,364.0,38.0,12.0,0.0
168,Chandler Hutchison,CHI,SF,2332320.0,10698.72,23.0,12.4,218.0,28.0,527.0,26.0,27.0,7.0
169,Langston Galloway,DET,SG,7333333.0,10832.1,28.0,12.3,677.0,66.0,1702.0,101.0,48.0,11.0
170,Ivica Zubac,LAC,C,6481482.0,10874.97,22.0,21.7,596.0,72.0,1326.0,82.0,16.0,66.0
171,Jerami Grant,DEN,PF,9346153.0,10982.55,25.0,14.4,851.0,71.0,1892.0,88.0,50.0,57.0
172,JaMychal Green,LAC,PF,4767000.0,11086.05,29.0,11.1,430.0,63.0,1307.0,49.0,29.0,24.0
173,Nickeil Alexander-Walker,NOP,SG,2964840.0,11104.27,21.0,8.9,267.0,47.0,591.0,89.0,17.0,8.0
174,JaKarr Sampson,IND,SF,1737145.0,11135.54,26.0,12.6,156.0,34.0,471.0,21.0,16.0,12.0
175,James Ennis,ORL,SF,1882867.0,11141.22,29.0,10.3,169.0,20.0,489.0,22.0,12.0,8.0
176,Markelle Fultz,ORL,PG,9745200.0,11201.38,21.0,14.3,870.0,72.0,1996.0,369.0,90.0,11.0
177,Terrance Ferguson,OKC,SF,2475840.0,11253.82,21.0,3.7,220.0,56.0,1257.0,51.0,27.0,17.0
178,Avery Bradley,LAL,SG,4767000.0,11269.5,29.0,8.9,423.0,49.0,1186.0,63.0,43.0,5.0
179,Aron Baynes,PHO,C,5453280.0,11337.38,33.0,15.2,481.0,42.0,934.0,67.0,10.0,23.0
180,Ryan Arcidiacono,CHI,PG,3000000.0,11494.25,25.0,9.0,261.0,58.0,930.0,96.0,27.0,3.0
181,J.J. Barea,DAL,PG,2564753.0,11552.94,35.0,14.6,222.0,29.0,450.0,112.0,5.0,2.0
182,Jeff Green,HOU,C,2564753.0,11657.97,33.0,18.6,220.0,18.0,407.0,30.0,14.0,9.0
183,Mike Scott,PHI,PF,4767000.0,11683.82,31.0,11.2,408.0,68.0,1207.0,56.0,21.0,5.0
184,Lonzo Ball,NOP,PG,8719320.0,11703.79,22.0,13.1,745.0,63.0,2025.0,438.0,88.0,38.0
185,Maxi Kleber,DAL,C,8000000.0,11904.76,28.0,13.6,672.0,74.0,1890.0,88.0,25.0,83.0
186,Theo Pinson,BRK,SG,1445697.0,12047.48,24.0,5.2,120.0,33.0,365.0,56.0,17.0,4.0
187,D.J. Augustin,ORL,PG,7250000.0,12103.51,32.0,14.0,599.0,57.0,1420.0,262.0,34.0,1.0
188,Boban Marjanović,DAL,C,3500000.0,12110.73,31.0,25.7,289.0,44.0,422.0,20.0,8.0,10.0
189,Norman Powell,TOR,SG,10116576.0,12188.65,26.0,16.8,830.0,52.0,1479.0,91.0,60.0,21.0
190,Nassir Little,POR,PF,2105520.0,12241.4,19.0,9.6,172.0,48.0,573.0,22.0,13.0,14.0
191,Terrence Ross,ORL,SG,12500000.0,12303.15,28.0,14.0,1016.0,69.0,1889.0,82.0,77.0,24.0
192,Skal Labissière,POR,C,2338847.0,12309.72,23.0,15.4,190.0,33.0,567.0,42.0,7.0,31.0
193,Wilson Chandler,BRK,SF,2564753.0,12510.99,32.0,7.4,205.0,35.0,734.0,39.0,16.0,12.0
194,Kentavious Caldwell-Pope,LAL,SG,8089282.0,12541.52,26.0,11.0,645.0,69.0,1762.0,111.0,57.0,14.0
195,Frank Kaminsky,PHO,C,4767000.0,12611.11,26.0,14.2,378.0,39.0,777.0,75.0,14.0,10.0
196,Dennis Schröder,OKC,PG,15500000.0,12611.88,26.0,16.7,1229.0,65.0,1999.0,262.0,45.0,14.0
197,Keldon Johnson,SAS,SF,1950600.0,12666.23,20.0,19.1,154.0,17.0,301.0,15.0,14.0,2.0
198,Thon Maker,DET,C,3569643.0,12703.36,22.0,13.7,281.0,60.0,776.0,43.0,25.0,39.0
199,Zach LaVine,CHI,SG,19500000.0,12745.1,24.0,19.4,1530.0,60.0,2085.0,254.0,88.0,28.0
200,Robert Williams,BOS,C,1937520.0,12916.8,22.0,23.1,150.0,29.0,388.0,27.0,22.0,35.0
201,Thomas Bryant,WAS,C,7936508.0,13032.03,22.0,21.1,609.0,46.0,1147.0,83.0,25.0,49.0
202,Edmond Sumner,IND,PG,2000000.0,13157.89,24.0,10.1,152.0,31.0,447.0,55.0,15.0,9.0
203,Isaiah Hartenstein,HOU,C,1416852.0,13241.61,21.0,18.6,107.0,23.0,266.0,18.0,9.0,12.0
204,Bojan Bogdanović,UTA,SF,17000000.0,13333.33,30.0,15.6,1275.0,63.0,2083.0,131.0,34.0,7.0
205,Robin Lopez,MIL,C,4767000.0,13352.94,31.0,10.2,357.0,66.0,958.0,45.0,10.0,45.0
206,Josh Richardson,PHI,SG,10100000.0,13377.48,26.0,12.0,755.0,55.0,1693.0,162.0,52.0,36.0
207,Quinn Cook,LAL,PG,3000000.0,13392.86,26.0,10.0,224.0,44.0,508.0,49.0,12.0,2.0
208,Sekou Doumbouya,DET,SF,3285120.0,13519.01,19.0,6.2,243.0,38.0,754.0,19.0,20.0,8.0
209,Frank Ntilikina,NYK,PG,4855800.0,13601.68,21.0,9.8,357.0,57.0,1187.0,172.0,54.0,16.0
210,Trey Lyles,SAS,PF,5500000.0,13613.86,24.0,12.6,404.0,63.0,1271.0,69.0,28.0,28.0
211,Deonte Burton,OKC,SG,1416852.0,13623.58,26.0,4.3,104.0,39.0,356.0,17.0,7.0,10.0
212,Denzel Valentine,CHI,SF,3377569.0,13729.96,26.0,13.0,246.0,36.0,488.0,43.0,26.0,6.0
213,Deandre Ayton,PHO,C,9562920.0,13859.3,21.0,20.0,690.0,38.0,1236.0,72.0,26.0,58.0
214,Giannis Antetokounmpo,MIL,PF,25842697.0,13916.37,25.0,31.9,1857.0,63.0,1917.0,354.0,61.0,66.0
215,Evan Fournier,ORL,SG,17000000.0,13923.01,27.0,16.4,1221.0,66.0,2076.0,209.0,71.0,15.0
216,Khem Birch,ORL,C,3000000.0,14150.94,27.0,11.7,212.0,48.0,922.0,50.0,20.0,23.0
217,Kris Dunn,CHI,PG,5348007.0,14337.82,25.0,12.1,373.0,51.0,1269.0,173.0,101.0,17.0
218,Jonathan Isaac,ORL,SF,5806440.0,14372.38,22.0,17.3,404.0,34.0,980.0,48.0,53.0,78.0
219,Julius Randle,NYK,PF,18000000.0,14423.08,25.0,17.5,1248.0,64.0,2080.0,198.0,51.0,22.0
220,Yogi Ferrell,SAC,PG,3150000.0,14449.54,26.0,12.2,218.0,50.0,530.0,69.0,18.0,4.0
221,Devin Booker,PHO,SG,27250000.0,14626.95,23.0,20.6,1863.0,70.0,2512.0,456.0,49.0,18.0
222,J.J. Redick,NOP,SG,13486300.0,14706.98,35.0,15.4,917.0,60.0,1581.0,119.0,20.0,10.0
223,Will Barton,DEN,SF,12960000.0,14828.38,29.0,15.6,874.0,58.0,1916.0,212.0,61.0,29.0
224,Brook Lopez,MIL,C,12093024.0,14874.57,31.0,15.0,813.0,68.0,1817.0,99.0,46.0,163.0
225,Damian Lillard,POR,PG,29802321.0,15066.9,29.0,26.9,1978.0,66.0,2474.0,530.0,70.0,22.0
226,Marko Guduric,MEM,SG,2625000.0,15173.41,24.0,8.8,173.0,44.0,484.0,45.0,12.0,8.0
227,Jonas Valančiūnas,MEM,C,16000000.0,15325.67,27.0,22.2,1044.0,70.0,1845.0,131.0,30.0,76.0
228,Tomáš Satoranský,CHI,PG,10000000.0,15527.95,28.0,13.5,644.0,65.0,1878.0,354.0,80.0,7.0
229,Bradley Beal,WAS,SG,27093019.0,15561.76,26.0,23.2,1741.0,57.0,2053.0,347.0,71.0,23.0
230,David Nwaba,BRK,SF,1678854.0,16142.83,27.0,14.0,104.0,20.0,268.0,8.0,11.0,12.0
231,Marcus Smart,BOS,SG,12553471.0,16177.15,25.0,13.8,776.0,60.0,1919.0,291.0,101.0,29.0
232,James Harden,HOU,SG,37800000.0,16188.44,30.0,29.1,2335.0,68.0,2483.0,512.0,125.0,60.0
233,Marco Belinelli,SAS,SG,5846154.0,16194.33,33.0,10.8,361.0,57.0,883.0,69.0,12.0,1.0
234,Patty Mills,SAS,PG,12428571.0,16204.13,31.0,14.8,767.0,66.0,1485.0,118.0,53.0,6.0
235,Goga Bitadze,IND,C,2816760.0,16376.51,20.0,12.1,172.0,54.0,471.0,23.0,10.0,37.0
236,George Hill,MIL,PG,9133907.0,16487.2,33.0,16.9,554.0,59.0,1271.0,180.0,47.0,5.0
237,P.J. Tucker,HOU,PF,8349039.0,16698.08,34.0,8.3,500.0,72.0,2467.0,115.0,77.0,36.0
238,Anthony Davis,LAL,PF,27093019.0,16744.76,26.0,27.4,1618.0,62.0,2131.0,200.0,91.0,143.0
239,Ersan İlyasova,MIL,PF,7000000.0,16908.21,32.0,14.9,414.0,63.0,986.0,49.0,24.0,17.0
240,Joe Ingles,UTA,SF,11954546.0,16908.83,32.0,12.6,707.0,72.0,2137.0,373.0,65.0,11.0
241,Jake Layman,MIN,PF,3581986.0,17057.08,25.0,10.3,210.0,23.0,505.0,15.0,17.0,10.0
242,Reggie Bullock,NYK,SG,4000000.0,17094.02,28.0,9.3,234.0,29.0,684.0,42.0,25.0,3.0
243,Eric Bledsoe,MIL,PG,15625000.0,17151.48,30.0,17.6,911.0,61.0,1646.0,328.0,57.0,26.0
244,Tyus Jones,MEM,PG,8408000.0,17371.9,23.0,15.7,484.0,65.0,1232.0,285.0,59.0,6.0
245,Terry Rozier,CHO,PG,19894737.0,17543.86,25.0,14.8,1134.0,63.0,2164.0,259.0,61.0,10.0
246,CJ McCollum,POR,SG,27556959.0,17710.13,28.0,17.0,1556.0,70.0,2556.0,310.0,54.0,42.0
247,Elfrid Payton,NYK,PG,8000000.0,17817.37,25.0,16.0,449.0,45.0,1246.0,323.0,70.0,17.0
248,Zion Williamson,NOP,PF,9757440.0,18069.33,19.0,24.1,540.0,24.0,668.0,50.0,16.0,9.0
249,Jerome Robinson,WAS,SG,3567720.0,18110.25,22.0,7.4,197.0,21.0,503.0,41.0,15.0,9.0
250,Jeremy Lamb,IND,SG,10500000.0,18197.57,27.0,14.0,577.0,46.0,1291.0,96.0,55.0,22.0
251,Nikola Jokić,DEN,C,26573595.0,18251.1,24.0,24.9,1456.0,73.0,2336.0,512.0,85.0,44.0
252,Juan Hernangómez,MIN,PF,3321030.0,18348.23,24.0,10.4,181.0,14.0,411.0,18.0,14.0,4.0
253,DeMar DeRozan,SAS,SF,27739975.0,18444.13,30.0,21.6,1504.0,68.0,2316.0,380.0,70.0,20.0
254,E'Twaun Moore,NOP,SG,8664928.0,18594.27,30.0,11.3,466.0,56.0,1020.0,78.0,32.0,11.0
255,Delon Wright,DAL,SG,9473684.0,18796.99,27.0,15.4,504.0,73.0,1570.0,244.0,85.0,22.0
256,Ricky Rubio,PHO,PG,16190476.0,19115.08,29.0,16.5,847.0,65.0,2016.0,570.0,94.0,11.0
257,Rudy Gay,SAS,PF,14000000.0,19283.75,33.0,15.4,726.0,67.0,1461.0,114.0,35.0,33.0
258,Danilo Gallinari,OKC,PF,22615559.0,19496.17,31.0,19.5,1160.0,62.0,1834.0,119.0,42.0,5.0
259,Thaddeus Young,CHI,PF,12900000.0,19575.11,31.0,13.3,659.0,64.0,1591.0,117.0,92.0,23.0
260,Kyle O'Quinn,PHI,C,2028594.0,19888.18,29.0,18.6,102.0,29.0,313.0,51.0,7.0,24.0
261,Goran Dragić,MIA,PG,19217900.0,20165.69,33.0,16.3,953.0,59.0,1663.0,301.0,40.0,10.0
262,Jordan Clarkson,UTA,SG,13437500.0,20515.27,27.0,18.6,655.0,42.0,1039.0,66.0,29.0,8.0
263,Kawhi Leonard,LAC,SF,32742000.0,21219.7,28.0,26.9,1543.0,57.0,1848.0,280.0,103.0,33.0
264,DeAndre Jordan,BRK,C,9881598.0,21250.75,31.0,19.9,465.0,56.0,1234.0,105.0,18.0,52.0
265,Kelly Olynyk,MIA,C,11667885.0,21252.98,28.0,14.6,549.0,67.0,1300.0,116.0,45.0,23.0
266,Ty Jerome,PHO,PG,2193480.0,21504.71,22.0,7.9,102.0,31.0,328.0,44.0,15.0,3.0
267,Tobias Harris,PHI,PF,31034483.0,21994.67,27.0,17.2,1411.0,72.0,2469.0,227.0,53.0,40.0
268,LeBron James,LAL,PG,37436858.0,22047.62,35.0,25.5,1698.0,67.0,2316.0,684.0,78.0,36.0
269,Aaron Gordon,ORL,PF,19863636.0,22218.83,24.0,15.1,894.0,62.0,2017.0,228.0,51.0,39.0
270,D.J. Wilson,MIL,PF,2961120.0,22264.06,23.0,8.2,133.0,37.0,363.0,25.0,3.0,5.0
271,Jrue Holiday,NOP,SG,26131111.0,22391.7,29.0,17.0,1167.0,61.0,2117.0,408.0,99.0,48.0
272,Malcolm Brogdon,IND,PG,20000000.0,22396.42,27.0,17.7,893.0,54.0,1666.0,381.0,35.0,10.0
273,Bobby Portis,NYK,C,15000000.0,22455.09,24.0,14.6,668.0,66.0,1393.0,98.0,32.0,18.0
274,Cody Zeller,CHO,C,14471910.0,22541.92,27.0,18.8,642.0,58.0,1341.0,88.0,40.0,25.0
275,Allonzo Trier,NYK,PG,3551100.0,22910.32,24.0,14.5,155.0,24.0,291.0,28.0,3.0,4.0
276,Nikola Vučević,ORL,C,28000000.0,23045.27,29.0,21.9,1215.0,62.0,1998.0,222.0,54.0,47.0
277,Harrison Barnes,SAC,PF,24147727.0,23085.78,27.0,13.3,1046.0,72.0,2482.0,159.0,43.0,12.0
278,Kyle Anderson,MEM,PF,9073050.0,23264.23,26.0,12.5,390.0,67.0,1330.0,162.0,54.0,37.0
279,Kristaps Porziņģis,DAL,PF,27285000.0,23440.72,24.0,20.2,1164.0,57.0,1814.0,102.0,41.0,115.0
280,Joel Embiid,PHI,C,27504630.0,23468.11,25.0,25.8,1172.0,51.0,1506.0,152.0,45.0,65.0
281,Patrick McCaw,TOR,SF,4000000.0,23529.41,24.0,7.3,170.0,37.0,908.0,79.0,39.0,4.0
282,Khris Middleton,MIL,SF,30603448.0,23595.57,28.0,21.1,1297.0,62.0,1853.0,265.0,53.0,7.0
283,Myles Turner,IND,C,18000000.0,24032.04,23.0,14.8,749.0,62.0,1826.0,72.0,46.0,132.0
284,Tony Snell,DET,SF,11392857.0,24035.56,28.0,9.7,474.0,59.0,1641.0,127.0,32.0,15.0
285,Rudy Gobert,UTA,C,25008427.0,24374.69,27.0,21.7,1026.0,68.0,2333.0,101.0,51.0,135.0
286,Russell Westbrook,HOU,PG,38178000.0,24583.39,31.0,21.0,1553.0,57.0,2049.0,401.0,93.0,20.0
287,Rodney McGruder,LAC,SG,4629630.0,24757.38,28.0,6.7,187.0,56.0,871.0,36.0,26.0,8.0
288,Rodney Hood,POR,SF,5718000.0,24860.87,27.0,12.2,230.0,21.0,619.0,32.0,17.0,4.0
289,Taj Gibson,NYK,C,9800000.0,25857.52,34.0,16.1,379.0,62.0,1025.0,52.0,27.0,30.0
290,LaMarcus Aldridge,SAS,C,26000000.0,25974.03,34.0,19.7,1001.0,53.0,1754.0,129.0,36.0,87.0
291,Hassan Whiteside,POR,C,27093018.0,26050.98,30.0,25.0,1040.0,67.0,2008.0,78.0,26.0,196.0
292,Cory Joseph,SAC,PG,12000000.0,26200.87,28.0,10.1,458.0,72.0,1759.0,251.0,53.0,21.0
293,Danny Green,LAL,SG,14634146.0,26753.47,32.0,10.8,547.0,68.0,1687.0,91.0,85.0,32.0
294,Eric Gordon,HOU,SF,14057730.0,27034.1,31.0,10.3,520.0,36.0,1016.0,54.0,23.0,13.0
295,Tristan Thompson,CLE,C,18539130.0,27103.99,28.0,16.8,684.0,57.0,1721.0,120.0,33.0,50.0
296,Dwight Powell,DAL,C,10259375.0,27285.57,28.0,15.9,376.0,40.0,1061.0,59.0,34.0,22.0
297,Serge Ibaka,TOR,C,23271604.0,27540.36,30.0,17.3,845.0,55.0,1485.0,77.0,28.0,46.0
298,Jimmy Butler,MIA,SF,32742000.0,28299.05,30.0,23.6,1157.0,58.0,1959.0,350.0,103.0,32.0
299,Kemba Walker,BOS,PG,32742000.0,28595.63,29.0,20.0,1145.0,56.0,1742.0,268.0,48.0,28.0
300,Kevin Love,CLE,PF,28900000.0,29280.65,31.0,17.9,987.0,56.0,1780.0,178.0,33.0,19.0
301,Karl-Anthony Towns,MIN,C,27250000.0,29427.65,24.0,26.5,926.0,35.0,1187.0,153.0,33.0,42.0
302,Kyle Lowry,TOR,PG,33296296.0,29570.42,33.0,17.7,1126.0,58.0,2098.0,433.0,82.0,26.0
303,Clint Capela,HOU,C,16456522.0,30306.67,25.0,20.6,543.0,39.0,1279.0,48.0,33.0,72.0
304,Patrick Beverley,LAC,PG,12345679.0,30483.16,31.0,12.5,405.0,51.0,1342.0,183.0,54.0,25.0
305,Gary Harris,DEN,SG,17839286.0,30704.45,25.0,9.7,581.0,56.0,1780.0,118.0,76.0,14.0
306,Chris Paul,OKC,PG,38506482.0,31255.26,34.0,21.7,1232.0,70.0,2208.0,472.0,111.0,11.0
307,Paul George,LAC,SF,33005556.0,31951.17,29.0,21.1,1033.0,48.0,1419.0,185.0,68.0,20.0
308,Mason Plumlee,DEN,C,14041096.0,32130.65,29.0,18.8,437.0,61.0,1057.0,154.0,33.0,38.0
309,Jae Crowder,MIA,SF,7815533.0,32976.93,29.0,16.3,237.0,20.0,553.0,36.0,25.0,10.0
310,Al Horford,PHI,C,28000000.0,35087.72,33.0,15.7,798.0,67.0,2025.0,270.0,52.0,61.0
311,Josh Jackson,MEM,SG,7059480.0,35653.94,22.0,14.1,198.0,22.0,381.0,35.0,18.0,9.0
312,Gordon Hayward,BOS,SF,32700690.0,35974.36,29.0,18.1,909.0,52.0,1740.0,212.0,38.0,22.0
313,Meyers Leonard,MIA,C,11286515.0,36525.94,27.0,10.6,309.0,51.0,1034.0,55.0,14.0,15.0
314,Steven Adams,OKC,C,25842697.0,37781.72,26.0,20.5,684.0,63.0,1680.0,146.0,51.0,67.0
315,Derrick Favors,NOP,C,17650000.0,38453.16,28.0,18.5,459.0,51.0,1243.0,81.0,30.0,46.0
316,Wayne Ellington,NYK,SG,7804878.0,42649.61,32.0,8.5,183.0,36.0,558.0,44.0,13.0,4.0
317,Bismack Biyombo,CHO,C,17000000.0,43257.0,27.0,16.1,393.0,53.0,1029.0,50.0,10.0,49.0
318,Robert Covington,HOU,C,11301219.0,44318.51,29.0,13.1,255.0,22.0,726.0,32.0,35.0,48.0
319,Mike Conley,UTA,PG,32511623.0,48165.37,32.0,14.1,675.0,47.0,1363.0,208.0,36.0,5.0
320,Paul Millsap,DEN,PF,30500000.0,51607.45,34.0,16.9,591.0,51.0,1240.0,83.0,44.0,30.0
321,Trevor Ariza,POR,SF,12200000.0,52813.85,34.0,11.0,231.0,21.0,702.0,41.0,34.0,8.0
322,Draymond Green,GSW,PF,18539130.0,53736.61,29.0,12.5,345.0,43.0,1222.0,266.0,59.0,33.0
323,Matthew Dellavedova,CLE,PG,9607500.0,54279.66,29.0,8.1,177.0,57.0,821.0,180.0,20.0,2.0
324,Ian Mahinmi,WAS,C,15450051.0,54593.82,33.0,14.2,283.0,38.0,808.0,49.0,31.0,44.0
325,Kyrie Irving,BRK,PG,31742000.0,57923.36,27.0,26.2,548.0,20.0,658.0,128.0,27.0,10.0
326,Dante Exum,CLE,SG,9600000.0,71111.11,24.0,10.3,135.0,24.0,402.0,33.0,12.0,6.0
327,Kent Bazemore,SAC,SG,19269662.0,74979.23,30.0,12.6,257.0,25.0,577.0,32.0,29.0,9.0
328,Victor Oladipo,IND,SG,21000000.0,76363.64,27.0,11.3,275.0,19.0,528.0,56.0,17.0,4.0
329,Marc Gasol,TOR,C,25595700.0,77328.4,35.0,11.8,331.0,44.0,1161.0,147.0,34.0,38.0
330,Marcus Morris,LAC,PF,15000000.0,78125.0,30.0,8.9,192.0,19.0,549.0,27.0,13.0,13.0
331,Jusuf Nurkić,POR,C,12000000.0,85106.38,25.0,22.6,141.0,8.0,253.0,32.0,11.0,16.0
332,James Johnson,MIN,PF,15349400.0,91365.48,32.0,11.1,168.0,14.0,338.0,53.0,19.0,19.0
333,Jeff Teague,ATL,PG,19000000.0,98445.6,31.0,15.9,193.0,25.0,519.0,100.0,19.0,6.0
334,Justise Winslow,MIA,SF,13000000.0,104838.71,23.0,8.5,124.0,11.0,352.0,44.0,7.0,5.0
335,D'Angelo Russell,MIN,PG,27285000.0,104942.31,23.0,19.1,260.0,12.0,392.0,79.0,17.0,4.0
336,Reggie Jackson,LAC,PG,17286956.0,107372.4,29.0,13.7,161.0,17.0,362.0,54.0,5.0,4.0
337,Andrew Wiggins,GSW,SG,27504630.0,118045.62,24.0,17.5,233.0,12.0,403.0,43.0,16.0,17.0
338,Courtney Lee,DAL,SG,12759670.0,119249.25,34.0,10.8,107.0,24.0,345.0,12.0,18.0,6.0
339,Blake Griffin,DET,PF,34234964.0,122705.96,30.0,11.9,279.0,18.0,512.0,59.0,7.0,7.0
340,Gorgui Dieng,MEM,C,16229213.0,131944.82,30.0,17.8,123.0,17.0,318.0,15.0,14.0,17.0
341,Brandon Knight,DET,PG,15643750.0,150420.67,28.0,5.4,104.0,9.0,221.0,38.0,5.0,1.0
342,Otto Porter,CHI,SF,27250576.0,163177.1,26.0,15.8,167.0,14.0,331.0,25.0,15.0,6.0
343,Andre Drummond,CLE,C,27093019.0,193521.56,26.0,22.1,140.0,8.0,225.0,14.0,12.0,11.0
344,Stephen Curry,GSW,PG,40231758.0,386843.83,31.0,21.7,104.0,5.0,139.0,33.0,5.0,2.0
345,Paul Watson,TOR,SF,50752.0,1637.16,25.0,-7.1,31.0,8.0,70.0,5.0,3.0,1.0
346,Cameron Payne,PHO,PG,196288.0,2256.18,25.0,15.7,87.0,8.0,183.0,24.0,8.0,2.0
347,Johnathan Williams,WAS,C,106181.0,2359.58,24.0,14.0,45.0,15.0,180.0,8.0,1.0,8.0
348,Mychal Mulder,GSW,SG,187782.0,2438.73,25.0,7.8,77.0,7.0,204.0,8.0,2.0,1.0
349,Donta Hall,BRK,PF,101504.0,3075.88,22.0,17.2,33.0,5.0,85.0,2.0,2.0,5.0
350,Jeremy Pargo,GSW,PG,91557.0,3662.28,33.0,12.6,25.0,3.0,44.0,8.0,1.0,0.0
351,Juan Toscano-Anderson,GSW,SF,350189.0,5075.2,26.0,9.4,69.0,13.0,272.0,26.0,13.0,5.0
352,Zach Norvell,GSW,SG,50752.0,5075.2,22.0,3.7,10.0,3.0,36.0,3.0,2.0,0.0
353,Norvel Pelle,PHI,C,350189.0,6143.67,26.0,10.5,57.0,24.0,232.0,8.0,3.0,31.0
354,Josh Magette,ORL,PG,81678.0,6806.5,30.0,5.1,12.0,8.0,38.0,5.0,3.0,1.0
355,Dusty Hannahs,MEM,SG,81678.0,6806.5,26.0,21.3,12.0,2.0,13.0,0.0,0.0,0.0
356,Justin Anderson,BRK,SF,196288.0,7010.29,26.0,3.2,28.0,10.0,107.0,8.0,0.0,6.0
357,Jerian Grant,WAS,PG,196288.0,7269.93,27.0,6.6,27.0,6.0,80.0,9.0,1.0,1.0
358,Iman Shumpert,BRK,SG,419443.0,7767.46,29.0,5.3,54.0,13.0,241.0,12.0,12.0,2.0
359,Gary Clark,ORL,PF,708426.0,8237.51,25.0,10.1,86.0,24.0,355.0,5.0,4.0,15.0
360,Eric Mika,SAC,PF,50752.0,8458.67,25.0,13.9,6.0,1.0,19.0,0.0,0.0,0.0
361,Admiral Schofield,WAS,SF,898310.0,9073.84,22.0,6.1,99.0,33.0,368.0,15.0,8.0,4.0
362,Rayjon Tucker,UTA,SG,578573.0,9331.82,22.0,9.7,62.0,20.0,161.0,5.0,1.0,1.0
363,Jalen McDaniels,CHO,PF,898310.0,10093.37,22.0,10.7,89.0,16.0,293.0,13.0,8.0,3.0
364,Justin James,SAC,SG,898310.0,10093.37,23.0,11.0,89.0,36.0,232.0,18.0,6.0,9.0
365,Terance Mann,LAC,SG,1000000.0,10101.01,23.0,10.6,99.0,41.0,362.0,53.0,11.0,5.0
366,Jarrod Uthoff,WAS,SF,163356.0,10890.4,26.0,8.8,15.0,3.0,39.0,0.0,0.0,0.0
367,Lance Thomas,BRK,SF,262152.0,10923.0,31.0,3.0,24.0,7.0,98.0,6.0,0.0,0.0
368,Sindarius Thornwell,NOP,SG,183115.0,11444.69,25.0,14.7,16.0,2.0,35.0,4.0,1.0,1.0
369,Nicolas Claxton,BRK,PF,898310.0,13610.76,20.0,14.8,66.0,15.0,187.0,16.0,1.0,8.0
370,Alen Smailagić,GSW,PF,898310.0,15225.59,19.0,14.5,59.0,14.0,139.0,13.0,3.0,4.0
371,Chasson Randle,GSW,PG,91557.0,18311.4,26.0,6.7,5.0,3.0,40.0,5.0,2.0,0.0
372,Dean Wade,CLE,PF,375000.0,18750.0,23.0,13.9,20.0,12.0,71.0,2.0,2.0,4.0
373,Tim Frazier,DET,PG,1882867.0,19411.0,29.0,9.8,97.0,27.0,355.0,93.0,14.0,4.0
374,Ryan Broekhoff,DAL,SG,1443842.0,20335.8,29.0,13.1,71.0,17.0,180.0,11.0,5.0,4.0
375,Wenyen Gabriel,POR,PF,898310.0,20416.14,22.0,9.6,44.0,19.0,174.0,5.0,8.0,5.0
376,Juwan Morgan,UTA,PF,746054.0,20723.72,22.0,10.1,36.0,21.0,134.0,6.0,1.0,2.0
377,Dragan Bender,GSW,SF,1678854.0,20726.59,22.0,10.9,81.0,9.0,195.0,19.0,4.0,4.0
378,Trey Burke,DAL,PG,2028594.0,21131.19,27.0,15.4,96.0,8.0,191.0,30.0,9.0,1.0
379,Treveon Graham,ATL,SG,1678854.0,23317.42,26.0,8.0,72.0,22.0,266.0,15.0,7.0,4.0
380,Ante Žižić,CLE,C,2281800.0,23768.75,23.0,16.4,96.0,22.0,221.0,6.0,7.0,5.0
381,Chimezie Metu,SAS,PF,1416852.0,24428.48,22.0,22.2,58.0,18.0,105.0,10.0,3.0,6.0
382,Jaylen Nowell,MIN,SG,1400000.0,24561.4,20.0,10.5,57.0,15.0,151.0,19.0,3.0,1.0
383,Malik Newman,CLE,SG,50752.0,25376.0,22.0,-11.4,2.0,1.0,4.0,0.0,0.0,0.0
384,Tyler Cook,DEN,PF,101504.0,25376.0,22.0,19.4,4.0,2.0,19.0,0.0,2.0,0.0
385,Miye Oni,UTA,SG,898310.0,25666.0,22.0,9.7,35.0,10.0,109.0,4.0,4.0,2.0
386,Thanasis Antetokounmpo,MIL,SF,1445697.0,26285.4,27.0,12.2,55.0,20.0,129.0,15.0,7.0,2.0
387,Talen Horton-Tucker,LAL,SG,898310.0,26420.88,19.0,12.3,34.0,6.0,81.0,6.0,8.0,1.0
388,Thabo Sefolosha,HOU,PF,2564753.0,27877.75,35.0,9.4,92.0,41.0,436.0,25.0,24.0,12.0
389,Markieff Morris,LAL,PF,2241808.0,30294.7,30.0,12.7,74.0,14.0,199.0,8.0,5.0,6.0
390,Justin Robinson,WAS,PG,395866.0,30451.23,22.0,8.2,13.0,9.0,49.0,7.0,0.0,1.0
391,Willie Cauley-Stein,DAL,C,2177483.0,32499.75,26.0,22.2,67.0,13.0,157.0,10.0,4.0,11.0
392,T.J. Leaf,IND,PF,2813280.0,33491.43,22.0,12.9,84.0,28.0,222.0,9.0,10.0,4.0
393,Caleb Swanigan,POR,PF,2033160.0,33886.0,22.0,-0.1,60.0,20.0,265.0,29.0,2.0,5.0
394,Jordan McRae,DET,SG,1645357.0,35007.6,28.0,14.2,47.0,4.0,98.0,7.0,0.0,0.0
395,Melvin Frazier,ORL,SG,1416852.0,35421.3,23.0,9.8,40.0,19.0,126.0,3.0,9.0,2.0
396,Jared Dudley,LAL,SF,2564753.0,37716.96,34.0,7.8,68.0,45.0,364.0,28.0,15.0,3.0
397,Keita Bates-Diop,DEN,SF,1416852.0,38293.3,24.0,12.5,37.0,7.0,98.0,0.0,2.0,4.0
398,Anthony Tolliver,MEM,PF,2419852.0,39029.87,34.0,8.0,62.0,13.0,236.0,10.0,7.0,1.0
399,Alize Johnson,IND,SF,1416852.0,41672.12,23.0,13.3,34.0,17.0,118.0,7.0,3.0,2.0
400,Romeo Langford,BOS,SG,3458400.0,43777.22,20.0,5.4,79.0,32.0,370.0,13.0,8.0,8.0
401,Malcolm Miller,TOR,SF,1588231.0,45378.03,26.0,6.7,35.0,28.0,162.0,11.0,5.0,2.0
402,Alex Len,SAC,C,4160000.0,46741.57,26.0,18.2,89.0,15.0,225.0,8.0,3.0,15.0
403,Mfiondu Kabengele,LAC,C,1977000.0,47071.43,22.0,18.2,42.0,12.0,64.0,2.0,2.0,2.0
404,Khyri Thomas,DET,SG,838464.0,49321.41,23.0,3.1,17.0,8.0,61.0,3.0,3.0,0.0
405,Ignas Brazdeikis,NYK,SF,898310.0,52841.76,21.0,3.2,17.0,9.0,53.0,4.0,0.0,1.0
406,Zach Collins,POR,PF,4240200.0,55067.53,22.0,9.9,77.0,11.0,290.0,16.0,5.0,5.0
407,Luc Mbah a Moute,HOU,PF,289803.0,57960.6,33.0,6.4,5.0,3.0,25.0,0.0,2.0,0.0
408,Corey Brewer,SAC,SG,289803.0,57960.6,33.0,8.7,5.0,5.0,33.0,2.0,4.0,0.0
409,Jamal Crawford,BRK,SG,289803.0,57960.6,39.0,33.2,5.0,1.0,6.0,3.0,0.0,0.0
410,Stanley Johnson,TOR,PF,3623000.0,60383.33,23.0,9.9,60.0,25.0,150.0,20.0,6.0,4.0
411,Vincent Poirier,BOS,C,2505793.0,61116.9,26.0,12.7,41.0,22.0,130.0,8.0,2.0,9.0
412,Dewan Hernandez,TOR,C,898310.0,64165.0,23.0,12.9,14.0,6.0,28.0,3.0,1.0,0.0
413,Kevon Looney,GSW,C,4464286.0,65651.26,23.0,9.4,68.0,20.0,262.0,20.0,12.0,6.0
414,Bruno Caboclo,HOU,C,1845301.0,65903.61,24.0,14.1,28.0,8.0,52.0,2.0,5.0,5.0
415,Tyson Chandler,HOU,C,2564753.0,75433.91,37.0,10.8,34.0,26.0,219.0,6.0,6.0,8.0
416,Troy Daniels,DEN,SG,2028594.0,78022.85,28.0,9.0,26.0,6.0,76.0,3.0,3.0,0.0
417,Joe Chealey,CHO,PG,163356.0,81678.0,24.0,-2.9,2.0,4.0,33.0,1.0,4.0,0.0
418,Max Strus,CHI,SG,415414.0,83082.8,23.0,30.7,5.0,2.0,6.0,0.0,0.0,0.0
419,J.R. Smith,LAL,SG,1456667.0,85686.29,34.0,0.0,17.0,6.0,79.0,3.0,1.0,0.0
420,Vlatko Čančar,DEN,SF,1517981.0,89293.0,22.0,11.4,17.0,14.0,45.0,3.0,1.0,1.0
421,Jalen Lecque,PHO,PG,898310.0,89831.0,19.0,2.7,10.0,5.0,32.0,2.0,0.0,0.0
422,Ed Davis,UTA,C,4767000.0,93470.59,30.0,9.5,51.0,28.0,303.0,12.0,11.0,9.0
423,Cristiano Felício,CHI,PF,8156500.0,94843.02,27.0,12.8,86.0,22.0,386.0,16.0,10.0,2.0
424,Amile Jefferson,ORL,PF,1445697.0,96379.8,26.0,8.9,15.0,18.0,74.0,4.0,1.0,3.0
425,Nigel Williams-Goss,UTA,PG,1500000.0,107142.86,25.0,8.1,14.0,10.0,50.0,6.0,3.0,1.0
426,Al-Farouq Aminu,ORL,PF,9258000.0,118692.31,29.0,7.6,78.0,18.0,380.0,21.0,18.0,8.0
427,Tyler Zeller,SAS,C,245686.0,122843.0,30.0,22.4,2.0,2.0,4.0,0.0,0.0,0.0
428,DeMarre Carroll,HOU,PF,6842307.0,126709.39,33.0,4.9,54.0,9.0,155.0,14.0,6.0,3.0
429,Jabari Parker,SAC,PF,6500000.0,127450.98,24.0,26.5,51.0,6.0,80.0,10.0,3.0,1.0
430,John Henson,DET,PF,9732396.0,128057.84,29.0,17.0,76.0,11.0,188.0,11.0,8.0,10.0
431,KZ Okpala,MIA,SF,898310.0,128330.0,20.0,13.7,7.0,5.0,26.0,1.0,2.0,1.0
432,C.J. Miles,WAS,SG,8730158.0,136408.72,32.0,11.1,64.0,10.0,161.0,12.0,10.0,4.0
433,Maurice Harkless,NYK,SF,11511234.0,140380.9,26.0,9.7,82.0,12.0,286.0,20.0,9.0,3.0
434,Dion Waiters,LAL,SG,12100000.0,145783.13,28.0,11.5,83.0,7.0,165.0,17.0,4.0,4.0
435,Noah Vonleh,DEN,PF,2000000.0,153846.15,24.0,15.3,13.0,7.0,30.0,2.0,0.0,0.0
436,Jordan Bell,MEM,PF,1620564.0,162056.4,25.0,14.1,10.0,2.0,21.0,2.0,1.0,0.0
437,Dewayne Dedmon,ATL,C,13333334.0,164609.06,30.0,11.4,81.0,10.0,233.0,7.0,10.0,15.0
438,Luka Šamanić,SAS,PF,2689920.0,168120.0,20.0,8.8,16.0,3.0,48.0,6.0,0.0,2.0
439,Andre Iguodala,MIA,SG,17185185.0,179012.34,36.0,10.5,96.0,21.0,418.0,51.0,14.0,21.0
440,Justin Patton,OKC,C,1620564.0,180062.67,22.0,4.7,9.0,5.0,24.0,2.0,0.0,0.0
441,Tyler Johnson,BRK,SG,19245370.0,200472.6,27.0,15.6,96.0,8.0,194.0,24.0,4.0,1.0
442,Udonis Haslem,MIA,PF,2564753.0,213729.42,39.0,6.5,12.0,4.0,44.0,1.0,0.0,0.0
443,Marvin Williams,MIL,PF,15006250.0,220680.15,33.0,11.2,68.0,17.0,321.0,19.0,10.0,8.0
444,Solomon Hill,MIA,SF,13258781.0,270587.37,28.0,9.8,49.0,11.0,187.0,10.0,12.0,5.0
445,Jonah Bolden,PHO,PF,1698450.0,283075.0,24.0,4.9,6.0,3.0,33.0,0.0,2.0,2.0
446,Evan Turner,ATL,PG,18606557.0,300105.76,31.0,6.8,62.0,19.0,251.0,38.0,9.0,8.0
447,Nicolas Batum,CHO,SF,25565217.0,323610.34,31.0,9.2,79.0,22.0,505.0,66.0,17.0,8.0
448,Zhaire Smith,PHI,SG,3058800.0,382350.0,20.0,1.1,8.0,7.0,32.0,2.0,3.0,0.0
449,Joakim Noah,LAC,C,6431666.0,459404.71,34.0,11.1,14.0,5.0,50.0,7.0,1.0,1.0
450,Derrick Walton,DET,PG,1445697.0,481899.0,24.0,11.3,3.0,3.0,26.0,5.0,3.0,0.0
451,Andre Roberson,OKC,SG,10740741.0,537037.05,28.0,5.4,20.0,7.0,87.0,4.0,1.0,3.0
452,Allen Crabbe,MIN,SG,17818456.0,614429.52,27.0,6.0,29.0,9.0,131.0,5.0,0.0,0.0
453,Jarred Vanderbilt,MIN,PF,1416852.0,708426.0,20.0,11.1,2.0,2.0,5.0,0.0,0.0,0.0
454,Ryan Anderson,HOU,C,5214583.0,1042916.6,31.0,9.4,5.0,2.0,14.0,2.0,1.0,0.0
455,Michael Kidd-Gilchrist,DAL,SF,13000000.0,1083333.33,26.0,1.7,12.0,13.0,121.0,4.0,2.0,3.0
456,Chandler Parsons,ATL,SF,25102511.0,1793036.5,31.0,5.6,14.0,5.0,54.0,3.0,4.0,1.0
457,Jacob Evans,MIN,SG,1925880.0,inf,22.0,5.5,0.0,2.0,4.0,0.0,0.0,0.0
458,Stanton Kidd,UTA,SF,250000.0,inf,27.0,-13.7,0.0,4.0,15.0,1.0,0.0,0.0
459,J.P. Macura,CLE,SG,81678.0,inf,24.0,0.0,0.0,1.0,1.0,0.0,0.0,0.0
460,Isaiah Roby,OKC,SF,1500000.0,inf,21.0,-7.7,0.0,3.0,11.0,0.0,0.0,0.0
461,Marques Bolden,CLE,C,50752.0,inf,21.0,19.8,0.0,1.0,3.0,0.0,1.0,0.0
462,William Howard,HOU,PF,50000.0,inf,26.0,-12.7,0.0,2.0,13.0,1.0,0.0,0.0
463,John Wall,0,0,37800000.0,0.0,0.0,0.0,0.0,0.0,0.0,0.0,0.0,0.0
464,Kevin Durant,0,0,37199000.0,0.0,0.0,0.0,0.0,0.0,0.0,0.0,0.0,0.0
465,Klay Thompson,0,0,32742000.0,0.0,0.0,0.0,0.0,0.0,0.0,0.0,0.0,0.0
466,Tim Hardaway,0,0,18150000.0,0.0,0.0,0.0,0.0,0.0,0.0,0.0,0.0,0.0
467,Kelly Oubre,0,0,15625000.0,0.0,0.0,0.0,0.0,0.0,0.0,0.0,0.0,0.0
468,Larry Nance,0,0,12727273.0,0.0,0.0,0.0,0.0,0.0,0.0,0.0,0.0,0.0
469,Miles Plumlee,0,0,12500000.0,0.0,0.0,0.0,0.0,0.0,0.0,0.0,0.0,0.0
470,Marvin Bagley,0,0,8556120.0,0.0,0.0,0.0,0.0,0.0,0.0,0.0,0.0,0.0
471,Darius Miller,0,0,7250000.0,0.0,0.0,0.0,0.0,0.0,0.0,0.0,0.0,0.0
472,Jaren Jackson,0,0,6927480.0,0.0,0.0,0.0,0.0,0.0,0.0,0.0,0.0,0.0
473,Mohamed Bamba,0,0,5697600.0,0.0,0.0,0.0,0.0,0.0,0.0,0.0,0.0,0.0
474,Timofey Mozgov,0,0,5573333.0,0.0,0.0,0.0,0.0,0.0,0.0,0.0,0.0,0.0
475,Deron Williams,0,0,5474787.0,0.0,0.0,0.0,0.0,0.0,0.0,0.0,0.0,0.0
476,Josh Smith,0,0,5331729.0,0.0,0.0,0.0,0.0,0.0,0.0,0.0,0.0,0.0
477,Wendell Carter,0,0,5201400.0,0.0,0.0,0.0,0.0,0.0,0.0,0.0,0.0,0.0
478,Pau Gasol,0,0,5100000.0,0.0,0.0,0.0,0.0,0.0,0.0,0.0,0.0,0.0
479,Luol Deng,0,0,4990000.0,0.0,0.0,0.0,0.0,0.0,0.0,0.0,0.0,0.0
480,Dennis Smith,0,0,4463640.0,0.0,0.0,0.0,0.0,0.0,0.0,0.0,0.0,0.0
481,Mirza Teletović,0,0,3500000.0,0.0,0.0,0.0,0.0,0.0,0.0,0.0,0.0,0.0
482,DeMarcus Cousins,0,0,3500000.0,0.0,0.0,0.0,0.0,0.0,0.0,0.0,0.0,0.0
483,Taurean Waller-Prince,0,0,3481986.0,0.0,0.0,0.0,0.0,0.0,0.0,0.0,0.0,0.0
484,Michael Porter,0,0,3389400.0,0.0,0.0,0.0,0.0,0.0,0.0,0.0,0.0,0.0
485,Troy Brown,0,0,3219480.0,0.0,0.0,0.0,0.0,0.0,0.0,0.0,0.0,0.0
486,Jon Leuer,0,0,3169348.0,0.0,0.0,0.0,0.0,0.0,0.0,0.0,0.0,0.0
487,Guerschon Yabusele,0,0,3117240.0,0.0,0.0,0.0,0.0,0.0,0.0,0.0,0.0,0.0
488,Ömer Aşık,0,0,3000000.0,0.0,0.0,0.0,0.0,0.0,0.0,0.0,0.0,0.0
489,Andrew Nicholson,0,0,2844429.0,0.0,0.0,0.0,0.0,0.0,0.0,0.0,0.0,0.0
490,Gerald Green,0,0,2564753.0,0.0,0.0,0.0,0.0,0.0,0.0,0.0,0.0,0.0
491,Nenê Hilário,0,0,2564753.0,0.0,0.0,0.0,0.0,0.0,0.0,0.0,0.0,0.0
492,Monta Ellis,0,0,2245400.0,0.0,0.0,0.0,0.0,0.0,0.0,0.0,0.0,0.0
493,Matt Barnes,0,0,2133541.0,0.0,0.0,0.0,0.0,0.0,0.0,0.0,0.0,0.0
494,Dylan Windler,0,0,2035800.0,0.0,0.0,0.0,0.0,0.0,0.0,0.0,0.0,0.0
495,Spencer Hawes,0,0,2007058.0,0.0,0.0,0.0,0.0,0.0,0.0,0.0,0.0,0.0
496,Anderson Varejão,0,0,1913345.0,0.0,0.0,0.0,0.0,0.0,0.0,0.0,0.0,0.0
497,Glenn Robinson,0,0,1882867.0,0.0,0.0,0.0,0.0,0.0,0.0,0.0,0.0,0.0
498,Larry Sanders,0,0,1865547.0,0.0,0.0,0.0,0.0,0.0,0.0,0.0,0.0,0.0
499,Derrick Jones,0,0,1645357.0,0.0,0.0,0.0,0.0,0.0,0.0,0.0,0.0,0.0
500,Gary Trent,0,0,1416852.0,0.0,0.0,0.0,0.0,0.0,0.0,0.0,0.0,0.0
501,Kevin Porter,0,0,1290960.0,0.0,0.0,0.0,0.0,0.0,0.0,0.0,0.0,0.0
502,Gary Payton,0,0,1090781.0,0.0,0.0,0.0,0.0,0.0,0.0,0.0,0.0,0.0
503,Jonathon Simmons,0,0,1000000.0,0.0,0.0,0.0,0.0,0.0,0.0,0.0,0.0,0.0
504,Justin Hamilton,0,0,1000000.0,0.0,0.0,0.0,0.0,0.0,0.0,0.0,0.0,0.0
505,Kyle Singler,0,0,999200.0,0.0,0.0,0.0,0.0,0.0,0.0,0.0,0.0,0.0
506,Cole Aldrich,0,0,685340.0,0.0,0.0,0.0,0.0,0.0,0.0,0.0,0.0,0.0
507,Shaun Livingston,0,0,666667.0,0.0,0.0,0.0,0.0,0.0,0.0,0.0,0.0,0.0
508,Dakari Johnson,0,0,459414.0,0.0,0.0,0.0,0.0,0.0,0.0,0.0,0.0,0.0
509,Ivan Rabb,0,0,371758.0,0.0,0.0,0.0,0.0,0.0,0.0,0.0,0.0,0.0
510,A.J. Hammons,0,0,350087.0,0.0,0.0,0.0,0.0,0.0,0.0,0.0,0.0,0.0
511,Festus Ezeli,0,0,333333.0,0.0,0.0,0.0,0.0,0.0,0.0,0.0,0.0,0.0
512,C.J. Watson,0,0,333333.0,0.0,0.0,0.0,0.0,0.0,0.0,0.0,0.0,0.0
513,Joe Johnson,0,0,220000.0,0.0,0.0,0.0,0.0,0.0,0.0,0.0,0.0,0.0
514,Jemerrio Jones,0,0,199000.0,0.0,0.0,0.0,0.0,0.0,0.0,0.0,0.0,0.0
515,Jontay Porter,0,0,197933.0,0.0,0.0,0.0,0.0,0.0,0.0,0.0,0.0,0.0
516,Jaylen Adams,0,0,163356.0,0.0,0.0,0.0,0.0,0.0,0.0,0.0,0.0,0.0
517,Troy Williams,0,0,122741.0,0.0,0.0,0.0,0.0,0.0,0.0,0.0,0.0,0.0
518,Yante Maten,0,0,100000.0,0.0,0.0,0.0,0.0,0.0,0.0,0.0,0.0,0.0
519,Demetrius Jackson,0,0,92857.0,0.0,0.0,0.0,0.0,0.0,0.0,0.0,0.0,0.0
520,Sheldon Mac,0,0,81678.0,0.0,0.0,0.0,0.0,0.0,0.0,0.0,0.0,0.0
521,Sir'Dominic Pointer,0,0,50752.0,0.0,0.0,0.0,0.0,0.0,0.0,0.0,0.0,0.0
522,Isaiah Taylor,0,0,50000.0,0.0,0.0,0.0,0.0,0.0,0.0,0.0,0.0,0.0
523,Tyler Lydon,0,0,50000.0,0.0,0.0,0.0,0.0,0.0,0.0,0.0,0.0,0.0
524,Hollis Thompson,0,0,50000.0,0.0,0.0,0.0,0.0,0.0,0.0,0.0,0.0,0.0
525,Tyler Ulis,0,0,50000.0,0.0,0.0,0.0,0.0,0.0,0.0,0.0,0.0,0.0
